{
	"prefix": "gridicons",
	"info": {
		"name": "Gridicons",
		"total": 207,
		"version": "3.4.2",
		"author": {
			"name": "Automattic",
			"url": "https://github.com/Automattic/gridicons"
		},
		"license": {
			"title": "GPL 2.0",
			"spdx": "GPL-2.0-only",
			"url": "https://github.com/Automattic/gridicons/blob/trunk/LICENSE.md"
		},
		"samples": [
			"code",
			"multiple-users",
			"types",
			"dropdown",
			"filter",
			"offline"
		],
		"height": 24,
		"category": "UI 24px",
		"tags": [
			"Precise Shapes",
			"Has Padding"
		],
		"palette": false
	},
	"lastModified": 1754899448,
	"icons": {
		"add": {
			"body": "<path fill=\"currentColor\" d=\"M12 2C6.477 2 2 6.477 2 12s4.477 10 10 10s10-4.477 10-10S17.523 2 12 2m5 11h-4v4h-2v-4H7v-2h4V7h2v4h4z\"/>"
		},
		"add-image": {
			"body": "<path fill=\"currentColor\" d=\"M23 4v2h-3v3h-2V6h-3V4h3V1h2v3zm-8.5 7a1.5 1.5 0 1 0-.001-3.001A1.5 1.5 0 0 0 14.5 11m3.5 3.234l-.513-.57a2 2 0 0 0-2.976 0l-.656.731L9 9l-3 3.333V6h7V4H6a2 2 0 0 0-2 2v12a2 2 0 0 0 2 2h12a2 2 0 0 0 2-2v-7h-2z\"/>"
		},
		"add-outline": {
			"body": "<path fill=\"currentColor\" d=\"M12 4c4.411 0 8 3.589 8 8s-3.589 8-8 8s-8-3.589-8-8s3.589-8 8-8m0-2C6.477 2 2 6.477 2 12s4.477 10 10 10s10-4.477 10-10S17.523 2 12 2m5 9h-4V7h-2v4H7v2h4v4h2v-4h4z\"/>"
		},
		"align-center": {
			"body": "<path fill=\"currentColor\" d=\"M4 19h16v-2H4zm13-6H7v2h10zM4 9v2h16V9zm13-4H7v2h10z\"/>"
		},
		"align-image-center": {
			"body": "<path fill=\"currentColor\" d=\"M3 5h18v2H3zm0 14h18v-2H3zm5-4h8V9H8z\"/>"
		},
		"align-image-left": {
			"body": "<path fill=\"currentColor\" d=\"M3 5h18v2H3zm0 14h18v-2H3zm0-4h8V9H3zm10 0h8v-2h-8zm0-4h8V9h-8z\"/>"
		},
		"align-image-none": {
			"body": "<path fill=\"currentColor\" d=\"M21 7H3V5h18zm0 10H3v2h18zM11 9H3v6h8z\"/>"
		},
		"align-image-right": {
			"body": "<path fill=\"currentColor\" d=\"M21 7H3V5h18zm0 10H3v2h18zm0-8h-8v6h8zm-10 4H3v2h8zm0-4H3v2h8z\"/>"
		},
		"align-justify": {
			"body": "<path fill=\"currentColor\" d=\"M4 19h16v-2H4zm16-6H4v2h16zM4 9v2h16V9zm16-4H4v2h16z\"/>"
		},
		"align-left": {
			"body": "<path fill=\"currentColor\" d=\"M4 19h16v-2H4zm10-6H4v2h10zM4 9v2h16V9zm10-4H4v2h10z\"/>"
		},
		"align-right": {
			"body": "<path fill=\"currentColor\" d=\"M20 17H4v2h16zm-10-2h10v-2H10zM4 9v2h16V9zm6-2h10V5H10z\"/>"
		},
		"arrow-down": {
			"body": "<path fill=\"currentColor\" d=\"M11 4v12.17l-5.59-5.59L4 12l8 8l8-8l-1.41-1.41L13 16.17V4z\"/>"
		},
		"arrow-left": {
			"body": "<path fill=\"currentColor\" d=\"M20 11H7.83l5.59-5.59L12 4l-8 8l8 8l1.41-1.41L7.83 13H20z\"/>"
		},
		"arrow-right": {
			"body": "<path fill=\"currentColor\" d=\"m12 4l-1.41 1.41L16.17 11H4v2h12.17l-5.58 5.59L12 20l8-8z\"/>"
		},
		"arrow-up": {
			"body": "<path fill=\"currentColor\" d=\"M13 20V7.83l5.59 5.59L20 12l-8-8l-8 8l1.41 1.41L11 7.83V20z\"/>"
		},
		"aside": {
			"body": "<path fill=\"currentColor\" d=\"m14 20l6-6V6a2 2 0 0 0-2-2H6a2 2 0 0 0-2 2v12a2 2 0 0 0 2 2zM6 6h12v6h-4a2 2 0 0 0-2 2v4H6zm10 4H8V8h8z\"/>"
		},
		"attachment": {
			"body": "<path fill=\"currentColor\" d=\"M14 1a5 5 0 0 0-5 5v10a3 3 0 0 0 3 3a2.99 2.99 0 0 0 2.99-3V6H13v10a1 1 0 1 1-2 0V6a3 3 0 1 1 6 0v10.125C17 18.887 14.762 21 12 21a5 5 0 0 1-5-5v-5H5v5a7 7 0 0 0 7 7a6.99 6.99 0 0 0 6.99-7V6c0-2.762-2.228-5-4.99-5\"/>"
		},
		"audio": {
			"body": "<path fill=\"currentColor\" d=\"M8 4v10.184A3 3 0 0 0 7 14a3 3 0 1 0 3 3V7h7v4.184A3 3 0 0 0 16 11a3 3 0 1 0 3 3V4z\"/>"
		},
		"bell": {
			"body": "<path fill=\"currentColor\" d=\"m6.14 14.969l2.828 2.828a2 2 0 1 1-2.828-2.828m8.867 5.325l-.706.706L3 9.699l.706-.706l1.102.157c.754.108 1.689-.122 2.077-.51l3.885-3.884a5.993 5.993 0 0 1 8.475 8.475l-3.885 3.885c-.388.388-.618 1.323-.51 2.077z\"/>"
		},
		"block": {
			"body": "<path fill=\"currentColor\" d=\"M12 2C6.477 2 2 6.477 2 12s4.477 10 10 10s10-4.477 10-10S17.523 2 12 2M4 12a8 8 0 0 1 8-8c1.848 0 3.545.633 4.9 1.686L5.686 16.9A7.96 7.96 0 0 1 4 12m8 8a7.96 7.96 0 0 1-4.9-1.686L18.314 7.1A7.96 7.96 0 0 1 20 12a8 8 0 0 1-8 8\"/>"
		},
		"bold": {
			"body": "<path fill=\"currentColor\" d=\"M7 5.009h4.547q3.19 0 4.632.907t1.442 2.887q0 1.343-.631 2.205q-.631.86-1.678 1.036v.103q1.427.318 2.057 1.189q.631.87.631 2.316q0 2.051-1.482 3.199Q15.034 20 12.491 20H7zm3 5.937h2.027q1.293 0 1.872-.4t.579-1.323q0-.861-.63-1.236q-.632-.374-1.996-.374H10zm0 2.523v3.906h2.253q1.313 0 1.939-.502q.626-.503.626-1.539q0-1.866-2.668-1.865z\"/>"
		},
		"book": {
			"body": "<path fill=\"currentColor\" d=\"M4 3h2v18H4zm14 0H7v18h11c1.1 0 2-.9 2-2V5c0-1.1-.9-2-2-2m-2 6h-6V8h6zm0-2h-6V6h6z\"/>"
		},
		"bookmark": {
			"body": "<path fill=\"currentColor\" d=\"M17 3H7a2 2 0 0 0-2 2v16l7-4l7 4V5a2 2 0 0 0-2-2\"/>"
		},
		"bookmark-outline": {
			"body": "<path fill=\"currentColor\" d=\"M17 5v12.554l-5-2.857l-5 2.857V5zm0-2H7a2 2 0 0 0-2 2v16l7-4l7 4V5a2 2 0 0 0-2-2\"/>"
		},
		"briefcase": {
			"body": "<path fill=\"currentColor\" d=\"M14 15h-4v-2H2v6a2 2 0 0 0 2 2h16a2 2 0 0 0 2-2v-6h-8zm6-9h-2V4a2 2 0 0 0-2-2H8a2 2 0 0 0-2 2v2H4a2 2 0 0 0-2 2v4h20V8a2 2 0 0 0-2-2m-4 0H8V4h8z\"/>"
		},
		"bug": {
			"body": "<path fill=\"currentColor\" d=\"M18 14h4v-2h-4v-2h1a2 2 0 0 0 2-2V6h-2v2H5V6H3v2a2 2 0 0 0 2 2h1v2H2v2h4v1a6 6 0 0 0 .09 1H5a2 2 0 0 0-2 2v2h2v-2h1.81A6 6 0 0 0 11 20.91V10h2v10.91A6 6 0 0 0 17.19 18H19v2h2v-2a2 2 0 0 0-2-2h-1.09a6 6 0 0 0 .09-1zM12 2a4 4 0 0 0-4 4h8a4 4 0 0 0-4-4\"/>"
		},
		"calendar": {
			"body": "<path fill=\"currentColor\" d=\"M19 4h-1V2h-2v2H8V2H6v2H5a2 2 0 0 0-2 2v13a2 2 0 0 0 2 2h14a2 2 0 0 0 2-2V6a2 2 0 0 0-2-2m0 15H5V8h14z\"/>"
		},
		"camera": {
			"body": "<path fill=\"currentColor\" d=\"M17 12c0 1.7-1.3 3-3 3s-3-1.3-3-3s1.3-3 3-3s3 1.3 3 3m5-5v11c0 1.1-.9 2-2 2H4c-1.1 0-2-.9-2-2V7c0-1.1.9-2 2-2V4h4v1h2l1-2h6l1 2h2c1.1 0 2 .9 2 2M7.5 9c0-.8-.7-1.5-1.5-1.5S4.5 8.2 4.5 9s.7 1.5 1.5 1.5S7.5 9.8 7.5 9M19 12c0-2.8-2.2-5-5-5s-5 2.2-5 5s2.2 5 5 5s5-2.2 5-5\"/>"
		},
		"caption": {
			"body": "<path fill=\"currentColor\" d=\"m20 15l2-2v5a2 2 0 0 1-2 2H4a2 2 0 0 1-2-2V6a2 2 0 0 1 2-2h13l-2 2H4v12h16zm2.44-8.56l-.88-.88a1.5 1.5 0 0 0-2.12 0L12 13v2H6v2h9v-1l7.44-7.44a1.5 1.5 0 0 0 0-2.12\"/>"
		},
		"cart": {
			"body": "<path fill=\"currentColor\" d=\"M9 20c0 1.1-.9 2-2 2s-1.99-.9-1.99-2S5.9 18 7 18s2 .9 2 2m8-2c-1.1 0-1.99.9-1.99 2s.89 2 1.99 2s2-.9 2-2s-.9-2-2-2m.396-5a2 2 0 0 0 1.952-1.566L21 5H7V4a2 2 0 0 0-2-2H3v2h2v11a2 2 0 0 0 2 2h12a2 2 0 0 0-2-2H7v-2z\"/>"
		},
		"chat": {
			"body": "<path fill=\"currentColor\" d=\"M3 12c-1.1 0-2-.9-2-2V5c0-1.1.9-2 2-2h8c1.1 0 2 .9 2 2v5c0 1.1-.9 2-2 2H9v3l-3-3zm18 6c1.1 0 2-.9 2-2v-5c0-1.1-.9-2-2-2h-6v1c0 2.2-1.8 4-4 4v2c0 1.1.9 2 2 2h2v3l3-3z\"/>"
		},
		"checkmark": {
			"body": "<path fill=\"currentColor\" d=\"m9 19.414l-6.707-6.707l1.414-1.414L9 16.586L20.293 5.293l1.414 1.414z\"/>"
		},
		"checkmark-circle": {
			"body": "<path fill=\"currentColor\" d=\"m11 17.768l-4.884-4.884l1.768-1.768L11 14.232l8.658-8.658A9.98 9.98 0 0 0 12 2C6.477 2 2 6.477 2 12s4.477 10 10 10s10-4.477 10-10a9.94 9.94 0 0 0-.966-4.266z\"/>"
		},
		"chevron-down": {
			"body": "<path fill=\"currentColor\" d=\"m20 9l-8 8l-8-8l1.414-1.414L12 14.172l6.586-6.586z\"/>"
		},
		"chevron-left": {
			"body": "<path fill=\"currentColor\" d=\"m14 20l-8-8l8-8l1.414 1.414L8.828 12l6.586 6.586z\"/>"
		},
		"chevron-right": {
			"body": "<path fill=\"currentColor\" d=\"m10 20l8-8l-8-8l-1.414 1.414L15.172 12l-6.586 6.586z\"/>"
		},
		"chevron-up": {
			"body": "<path fill=\"currentColor\" d=\"m4 15l8-8l8 8l-1.414 1.414L12 9.828l-6.586 6.586z\"/>"
		},
		"clear-formatting": {
			"body": "<path fill=\"currentColor\" d=\"m10.837 10.163l-4.6 4.6L10 4h4l.777 2.223l-2.144 2.144l-.627-2.092zm5.495.506L19.244 19H15.82l-1.049-3.5H11.5L5 22l-1.5-1.5l17-17L22 5zm-2.311 2.31l-.031.031l.032-.01z\"/>"
		},
		"clipboard": {
			"body": "<path fill=\"currentColor\" d=\"M16 18H8v-2h8zm0-6H8v2h8zm2-9h-2v2h2v15H6V5h2V3H6a2 2 0 0 0-2 2v15a2 2 0 0 0 2 2h12a2 2 0 0 0 2-2V5a2 2 0 0 0-2-2m-4 2V4a2 2 0 1 0-4 0v1a2 2 0 0 0-2 2v1h8V7a2 2 0 0 0-2-2\"/>"
		},
		"cloud": {
			"body": "<path fill=\"currentColor\" d=\"M18 9q-.013 0-.025.003A6.496 6.496 0 0 0 5 9.5a6.5 6.5 0 0 0 .186 1.519C5.123 11.016 5.064 11 5 11a4 4 0 0 0-4 4c0 1.202.541 2.267 1.38 3h18.593C22.196 17.089 23 15.643 23 14a5 5 0 0 0-5-5\"/>"
		},
		"cloud-download": {
			"body": "<path fill=\"currentColor\" d=\"M18 9q-.013 0-.025.003A6.496 6.496 0 0 0 5 9.5a6.5 6.5 0 0 0 .186 1.519C5.123 11.016 5.064 11 5 11a4 4 0 0 0-4 4c0 1.202.541 2.267 1.38 3h18.593C22.196 17.089 23 15.643 23 14a5 5 0 0 0-5-5m-6 7l-4-5h3V8h2v3h3z\"/>"
		},
		"cloud-outline": {
			"body": "<path fill=\"currentColor\" d=\"M11.5 5a4.514 4.514 0 0 1 4.481 4.154l.141 1.861l1.867-.013l.093-.001A3.003 3.003 0 0 1 21 14c0 .748-.28 1.452-.783 2H3.279A1.9 1.9 0 0 1 3 15c0-1.074.851-1.953 1.915-1.998q.088.01.178.015l2.659.124l-.621-2.588A4.5 4.5 0 0 1 7 9.5C7 7.019 9.019 5 11.5 5m0-2A6.5 6.5 0 0 0 5 9.5a6.5 6.5 0 0 0 .186 1.519C5.123 11.016 5.064 11 5 11a4 4 0 0 0-4 4c0 1.202.541 2.267 1.38 3h18.593C22.196 17.089 23 15.643 23 14a5 5 0 0 0-5-5l-.025.002A6.496 6.496 0 0 0 11.5 3\"/>"
		},
		"cloud-upload": {
			"body": "<path fill=\"currentColor\" d=\"M18 9q-.013 0-.025.003A6.496 6.496 0 0 0 5 9.5a6.5 6.5 0 0 0 .186 1.519C5.123 11.016 5.064 11 5 11a4 4 0 0 0-4 4c0 1.202.541 2.267 1.38 3h18.593C22.196 17.089 23 15.643 23 14a5 5 0 0 0-5-5m-5 4v3h-2v-3H8l4-5l4 5z\"/>"
		},
		"code": {
			"body": "<path fill=\"currentColor\" d=\"m23 12l-5.45 6.5L16 17.21L20.39 12L16 6.79l1.55-1.29zM8 6.79L6.45 5.5L1 12l5.45 6.5L8 17.21L3.61 12zm.45 14.61l1.93.52L15.55 2.6l-1.93-.52z\"/>"
		},
		"cog": {
			"body": "<path fill=\"currentColor\" d=\"M20 12c0-.568-.061-1.122-.174-1.656l1.834-1.612l-2-3.464l-2.322.786a8 8 0 0 0-2.859-1.657L14 2h-4l-.479 2.396a8 8 0 0 0-2.859 1.657L4.34 5.268l-2 3.464l1.834 1.612a8 8 0 0 0 0 3.312L2.34 15.268l2 3.464l2.322-.786a8 8 0 0 0 2.859 1.657L10 22h4l.479-2.396a8 8 0 0 0 2.859-1.657l2.322.786l2-3.464l-1.834-1.612A8 8 0 0 0 20 12m-8 4a4 4 0 1 1 0-8a4 4 0 0 1 0 8\"/>"
		},
		"comment": {
			"body": "<path fill=\"currentColor\" d=\"m12 16l-5 5v-5H5c-1.1 0-2-.9-2-2V5c0-1.1.9-2 2-2h14c1.1 0 2 .9 2 2v9c0 1.1-.9 2-2 2z\"/>"
		},
		"computer": {
			"body": "<path fill=\"currentColor\" d=\"M20 2H4a2 2 0 0 0-2 2v12a2 2 0 0 0 2 2h6v2H7v2h10v-2h-3v-2h6a2 2 0 0 0 2-2V4a2 2 0 0 0-2-2m0 14H4V4h16z\"/>"
		},
		"coupon": {
			"body": "<path fill=\"currentColor\" d=\"M13 16v2h-2v-2zm3-3h2v-2h-2zm2 8h-2v2h2zm3-5v2h2v-2zm-1-3a1 1 0 0 1 1 1h2a3 3 0 0 0-3-3zm1 7a1 1 0 0 1-1 1v2a3 3 0 0 0 3-3zm-7 1a1 1 0 0 1-1-1h-2a3 3 0 0 0 3 3zm3.21-5.21a2 2 0 0 1-2.828.002l-.002-.002L10 11.41l-1.43 1.44c.279.506.427 1.073.43 1.65A3.5 3.5 0 1 1 5.5 11a3.45 3.45 0 0 1 1.65.43L8.59 10L7.15 8.57A3.45 3.45 0 0 1 5.5 9A3.5 3.5 0 1 1 9 5.5a3.45 3.45 0 0 1-.43 1.65L10 8.59l3.88-3.88a2 2 0 0 1 2.828-.002l.002.002l-5.3 5.29zM5.5 7a1.5 1.5 0 1 0-.001-3.001A1.5 1.5 0 0 0 5.5 7M7 14.5a1.5 1.5 0 1 0-3.001.001A1.5 1.5 0 0 0 7 14.5\"/>"
		},
		"create": {
			"body": "<path fill=\"currentColor\" d=\"M21 14v5a2 2 0 0 1-2 2H5a2 2 0 0 1-2-2V5a2 2 0 0 1 2-2h5v2H5v14h14v-5z\"/><path fill=\"currentColor\" d=\"M21 7h-4V3h-2v4h-4v2h4v4h2V9h4z\"/>"
		},
		"credit-card": {
			"body": "<path fill=\"currentColor\" d=\"M20 4H4a2 2 0 0 0-2 2v12a2 2 0 0 0 2 2h16a2 2 0 0 0 2-2V6a2 2 0 0 0-2-2m0 2v2H4V6zM4 18v-6h16v6zm2-4h7v2H6zm9 0h3v2h-3z\"/>"
		},
		"crop": {
			"body": "<path fill=\"currentColor\" d=\"M22 16h-4V8a2 2 0 0 0-2-2H8V2H6v4H2v2h4v8a2 2 0 0 0 2 2h8v4h2v-4h4zM8 16V8h8v8z\"/>"
		},
		"cross": {
			"body": "<path fill=\"currentColor\" d=\"M18.36 19.78L12 13.41l-6.36 6.37l-1.42-1.42L10.59 12L4.22 5.64l1.42-1.42L12 10.59l6.36-6.36l1.41 1.41L13.41 12l6.36 6.36z\"/>"
		},
		"cross-circle": {
			"body": "<path fill=\"currentColor\" d=\"M19.1 4.9C15.2 1 8.8 1 4.9 4.9S1 15.2 4.9 19.1s10.2 3.9 14.1 0s4-10.3.1-14.2m-4.3 11.3L12 13.4l-2.8 2.8l-1.4-1.4l2.8-2.8l-2.8-2.8l1.4-1.4l2.8 2.8l2.8-2.8l1.4 1.4l-2.8 2.8l2.8 2.8z\"/>"
		},
		"cross-small": {
			"body": "<path fill=\"currentColor\" d=\"m17.705 7.705l-1.41-1.41L12 10.59L7.705 6.295l-1.41 1.41L10.59 12l-4.295 4.295l1.41 1.41L12 13.41l4.295 4.295l1.41-1.41L13.41 12z\"/>"
		},
		"custom-post-type": {
			"body": "<path fill=\"currentColor\" d=\"M19 3H5a2 2 0 0 0-2 2v14a2 2 0 0 0 2 2h14a2 2 0 0 0 2-2V5a2 2 0 0 0-2-2M6 6h5v5H6zm4.5 13a2.5 2.5 0 1 1 0-5a2.5 2.5 0 0 1 0 5m3-6l3-5l3 5z\"/>"
		},
		"customize": {
			"body": "<path fill=\"currentColor\" d=\"M2 6c0-1.505.78-3.08 2-4c0 .845.69 2 2 2a3 3 0 0 1 3 3c0 .386-.079.752-.212 1.091a75 75 0 0 1 2.191 1.808l-2.08 2.08a76 76 0 0 1-1.808-2.191A3 3 0 0 1 6 10c-2.21 0-4-1.79-4-4m12.152 6.848l1.341-1.341A4.45 4.45 0 0 0 17.5 12A4.5 4.5 0 0 0 22 7.5c0-.725-.188-1.401-.493-2.007L18 9l-2-2l3.507-3.507A4.45 4.45 0 0 0 17.5 3A4.5 4.5 0 0 0 13 7.5c0 .725.188 1.401.493 2.007L3 20l2 2l6.848-6.848a69 69 0 0 0 5.977 5.449l1.425 1.149l1.5-1.5l-1.149-1.425a69 69 0 0 0-5.449-5.977\"/>"
		},
		"domains": {
			"body": "<path fill=\"currentColor\" d=\"M12 2C6.477 2 2 6.477 2 12s4.477 10 10 10s10-4.477 10-10S17.523 2 12 2m6.918 6h-3.215a49 49 0 0 0-.565-3.357A8.05 8.05 0 0 1 18.918 8m-5.904-3.928c.068.352.387 2.038.645 3.928h-3.318c.258-1.89.577-3.576.645-3.928C11.319 4.029 11.656 4 12 4s.681.029 1.014.072M14 12c0 .598-.043 1.286-.109 2h-3.782c-.066-.714-.109-1.402-.109-2s.043-1.286.109-2h3.782c.066.714.109 1.402.109 2M8.862 4.643A49 49 0 0 0 8.297 8H5.082a8.05 8.05 0 0 1 3.78-3.357M4.263 10h3.821C8.033 10.668 8 11.344 8 12s.033 1.332.085 2H4.263C4.097 13.359 4 12.692 4 12s.098-1.359.263-2m.819 6h3.215c.188 1.424.42 2.65.565 3.357A8.05 8.05 0 0 1 5.082 16m5.904 3.928A77 77 0 0 1 10.341 16h3.318a78 78 0 0 1-.645 3.928c-.333.043-.67.072-1.014.072s-.681-.029-1.014-.072m4.152-.571c.145-.707.377-1.933.565-3.357h3.215a8.05 8.05 0 0 1-3.78 3.357M19.737 14h-3.821c.051-.668.084-1.344.084-2s-.033-1.332-.085-2h3.821c.166.641.264 1.308.264 2s-.097 1.359-.263 2\"/>"
		},
		"dropdown": {
			"body": "<path fill=\"currentColor\" d=\"m7 10l5 5l5-5z\"/>"
		},
		"ellipsis": {
			"body": "<path fill=\"currentColor\" d=\"M7 12a2 2 0 1 1-4.001-.001A2 2 0 0 1 7 12m12-2a2 2 0 1 0 .001 4.001A2 2 0 0 0 19 10m-7 0a2 2 0 1 0 .001 4.001A2 2 0 0 0 12 10\"/>"
		},
		"ellipsis-circle": {
			"body": "<path fill=\"currentColor\" d=\"M12 2C6.5 2 2 6.5 2 12s4.5 10 10 10s10-4.5 10-10S17.5 2 12 2M7.5 13.5c-.8 0-1.5-.7-1.5-1.5s.7-1.5 1.5-1.5S9 11.2 9 12s-.7 1.5-1.5 1.5m4.5 0c-.8 0-1.5-.7-1.5-1.5s.7-1.5 1.5-1.5s1.5.7 1.5 1.5s-.7 1.5-1.5 1.5m4.5 0c-.8 0-1.5-.7-1.5-1.5s.7-1.5 1.5-1.5s1.5.7 1.5 1.5s-.7 1.5-1.5 1.5\"/>"
		},
		"external": {
			"body": "<path fill=\"currentColor\" d=\"M19 13v6a2 2 0 0 1-2 2H5a2 2 0 0 1-2-2V7a2 2 0 0 1 2-2h6v2H5v12h12v-6zM13 3v2h4.586l-7.793 7.793l1.414 1.414L19 6.414V11h2V3z\"/>"
		},
		"filter": {
			"body": "<path fill=\"currentColor\" d=\"M10 19h4v-2h-4zm-4-6h12v-2H6zM3 5v2h18V5z\"/>"
		},
		"fire": {
			"body": "<path fill=\"currentColor\" d=\"M21.5 13.4c0 1.2-.2 2.3-.7 3.4s-1.2 2-2.1 2.9c-.9.8-1.9 1.5-3.1 1.9c-.5.2-1.1.4-1.7.5l.3-.1s2.2-1.3 2.7-4.1c.2-2.5-1.9-3.6-1.9-3.6s-1.1 1.4-2.6 1.4c-2.4 0-2-4-2-4s-3.6 1.9-3.6 5.9c0 2.5 2.6 4.4 2.6 4.4c-.3-.1-.7-.2-1-.3c-1.2-.4-2.2-1.1-3.1-1.9S3.7 18 3.2 16.9s-.7-2.2-.7-3.4c0-3.9 4.6-7.7 4.6-7.7s.4 3 2.7 3c4.2 0 2.7-6.7 2.7-6.7s3.8 2.2 4.9 8.2c2.1-.3 1.9-3 1.9-3s2.2 2.9 2.2 6.1\"/>"
		},
		"flag": {
			"body": "<path fill=\"currentColor\" d=\"M15 6a2 2 0 0 0-2-2H5v17h2v-7h5a2 2 0 0 0 2 2h6V6z\"/>"
		},
		"flip-horizontal": {
			"body": "<path fill=\"currentColor\" d=\"M20 18v-5h3v-2h-3V6a2 2 0 0 0-2-2H6a2 2 0 0 0-2 2v5H1v2h3v5a2 2 0 0 0 2 2h12a2 2 0 0 0 2-2M6 6h12v5H6z\"/>"
		},
		"flip-vertical": {
			"body": "<path fill=\"currentColor\" d=\"M18 4h-5V1h-2v3H6a2 2 0 0 0-2 2v12a2 2 0 0 0 2 2h5v3h2v-3h5a2 2 0 0 0 2-2V6a2 2 0 0 0-2-2M6 18V6h5v12z\"/>"
		},
		"folder": {
			"body": "<path fill=\"currentColor\" d=\"M18 19H6c-1.1 0-2-.9-2-2V7c0-1.1.9-2 2-2h3c1.1 0 2 .9 2 2h7c1.1 0 2 .9 2 2v8c0 1.1-.9 2-2 2\"/>"
		},
		"folder-multiple": {
			"body": "<path fill=\"currentColor\" d=\"M4 8a2 2 0 0 0-2 2v10c0 1.1.9 2 2 2h14a2 2 0 0 0 2-2H4zm16 10H8a2 2 0 0 1-2-2V6a2 2 0 0 1 2-2h3a2 2 0 0 1 2 2h7a2 2 0 0 1 2 2v8a2 2 0 0 1-2 2\"/>"
		},
		"fullscreen": {
			"body": "<path fill=\"currentColor\" d=\"M21 3v6h-2V6.41l-3.29 3.3l-1.42-1.42L17.59 5H15V3zM3 3v6h2V6.41l3.29 3.3l1.42-1.42L6.41 5H9V3zm18 18v-6h-2v2.59l-3.29-3.29l-1.41 1.41L17.59 19H15v2zM9 21v-2H6.41l3.29-3.29l-1.41-1.42L5 17.59V15H3v6z\"/>"
		},
		"fullscreen-exit": {
			"body": "<path fill=\"currentColor\" d=\"M14 10V4h2v2.59l3.29-3.29l1.41 1.41L17.41 8H20v2zM4 10V8h2.59l-3.3-3.29l1.42-1.42L8 6.59V4h2v6zm16 4v2h-2.59l3.29 3.29l-1.41 1.41L16 17.41V20h-2v-6zm-10 0v6H8v-2.59l-3.29 3.3l-1.42-1.42L6.59 16H4v-2z\"/>"
		},
		"gift": {
			"body": "<path fill=\"currentColor\" d=\"M22 6h-4.8c.5-.5.8-1.2.8-2c0-1.7-1.3-3-3-3s-3 1.3-3 3c0-1.7-1.3-3-3-3S6 2.3 6 4c0 .8.3 1.5.8 2H2v6h1v8c0 1.1.9 2 2 2h14c1.1 0 2-.9 2-2v-8h1zm-2 4h-7V8h7zm-5-7c.6 0 1 .4 1 1s-.4 1-1 1s-1-.4-1-1s.4-1 1-1M9 3c.6 0 1 .4 1 1s-.4 1-1 1s-1-.4-1-1s.4-1 1-1M4 8h7v2H4zm1 4h6v8H5zm14 8h-6v-8h6z\"/>"
		},
		"globe": {
			"body": "<path fill=\"currentColor\" d=\"M12 2C6.477 2 2 6.477 2 12s4.477 10 10 10s10-4.477 10-10S17.523 2 12 2m0 18l2-2l1-1v-2h-2v-1l-1-1H9v3l2 2v1.931C7.06 19.436 4 16.072 4 12l1 1h2v-2h2l3-3V6h-2L9 5v-.411a7.95 7.95 0 0 1 6 0V6l-1 1v2l1 1l3.13-3.13A8 8 0 0 1 19.736 10H18l-2 2v2l1 1h2l.286.286C18.029 18.061 15.239 20 12 20\"/>"
		},
		"grid": {
			"body": "<path fill=\"currentColor\" d=\"M8 8H4V4h4zm6-4h-4v4h4zm6 0h-4v4h4zM8 10H4v4h4zm6 0h-4v4h4zm6 0h-4v4h4zM8 16H4v4h4zm6 0h-4v4h4zm6 0h-4v4h4z\"/>"
		},
		"heading": {
			"body": "<path fill=\"currentColor\" d=\"M18 20h-3v-6H9v6H6V5.009h3V11h6V5.009h3z\"/>"
		},
		"heading-h1": {
			"body": "<path fill=\"currentColor\" d=\"M11 7h2v10h-2v-4H7v4H5V7h2v4h4zm6.57 0A4.74 4.74 0 0 1 15 9v1h2v7h2V7z\"/>"
		},
		"heading-h2": {
			"body": "<path fill=\"currentColor\" d=\"M9 7h2v10H9v-4H5v4H3V7h2v4h4zm8 8c.51-.41.6-.62 1.06-1.05q.656-.601 1.23-1.28a6.4 6.4 0 0 0 .85-1.28c.199-.39.305-.822.31-1.26a3 3 0 0 0-.27-1.28a2.9 2.9 0 0 0-.76-1a3.5 3.5 0 0 0-1.17-.63a4.8 4.8 0 0 0-1.5-.22q-.54 0-1.07.1a5 5 0 0 0-1 .29a4.4 4.4 0 0 0-.86.49q-.431.315-.82.68l1.24 1.22a6 6 0 0 1 1-.7c.35-.201.747-.304 1.15-.3a1.9 1.9 0 0 1 1.27.38c.311.278.477.684.45 1.1a2.13 2.13 0 0 1-.36 1.11a7 7 0 0 1-1 1.25c-.44.43-.98.92-1.59 1.43S13.75 15.11 13 15.7V17h8v-2z\"/>"
		},
		"heading-h3": {
			"body": "<path fill=\"currentColor\" d=\"M14.11 14.218c.355.287.749.523 1.17.7c.434.181.9.273 1.37.27c.484.017.965-.086 1.4-.3a.92.92 0 0 0 .55-.84a1.14 1.14 0 0 0-.15-.58a1.14 1.14 0 0 0-.51-.43a3.7 3.7 0 0 0-1-.27a10 10 0 0 0-1.52-.1v-1.57a4.7 4.7 0 0 0 2.17-.36a1.06 1.06 0 0 0 .63-.93a.9.9 0 0 0-.38-.81a2 2 0 0 0-1.13-.28a2.8 2.8 0 0 0-1.14.28a5.6 5.6 0 0 0-1.06.62l-1.22-1.39a6.6 6.6 0 0 1 1.64-.9a5.4 5.4 0 0 1 1.9-.33a6.5 6.5 0 0 1 1.56.17c.431.101.84.277 1.21.52c.325.211.595.495.79.83c.19.342.287.729.28 1.12c.011.48-.177.943-.52 1.28a3.9 3.9 0 0 1-1.46.86v.06c.609.14 1.175.425 1.65.83c.437.382.68.94.66 1.52c.005.421-.113.835-.34 1.19a2.85 2.85 0 0 1-.9.88a4.5 4.5 0 0 1-1.32.55a6.4 6.4 0 0 1-1.57.19a6.4 6.4 0 0 1-2.31-.37a4.3 4.3 0 0 1-1.57-1zM9 11H5V7H3v10h2v-4h4v4h2V7H9z\"/>"
		},
		"heading-h4": {
			"body": "<path fill=\"currentColor\" d=\"M11 17H9v-4H5v4H3V7h2v4h4V7h2zm10-2h-1v2h-2v-2h-5v-2l4.05-6H20v6h1zm-3-2V9l-2.79 4z\"/>"
		},
		"heading-h5": {
			"body": "<path fill=\"currentColor\" d=\"M14.09 14.19q.529.404 1.13.69a3.1 3.1 0 0 0 1.34.29a2.54 2.54 0 0 0 1.44-.4a1.29 1.29 0 0 0 .57-1.14A1.3 1.3 0 0 0 18 12.5a2.3 2.3 0 0 0-1.38-.39h-.47a2 2 0 0 0-.4.08l-.41.15l-.48.23l-1.02-.57l.28-5h6.4v1.92h-4.31L16 10.76a4.6 4.6 0 0 1 .68-.18q.353-.056.71-.05c.463-.004.924.057 1.37.18c.411.115.798.305 1.14.56c.33.248.597.57.78.94c.212.422.322.888.32 1.36c.007.497-.11.989-.34 1.43a3.3 3.3 0 0 1-.91 1.07c-.393.3-.837.527-1.31.67a5.2 5.2 0 0 1-1.54.26a6 6 0 0 1-2.31-.39a5.4 5.4 0 0 1-1.59-1zM11 17H9v-4H5v4H3V7h2v4h4V7h2z\"/>"
		},
		"heading-h6": {
			"body": "<path fill=\"currentColor\" d=\"M11 17H9v-4H5v4H3V7h2v4h4V7h2zm8.579-7.508a3.2 3.2 0 0 0-.82-.49a2.68 2.68 0 0 0-1.94 0a2 2 0 0 0-.78.52c-.244.27-.431.586-.55.93a4.6 4.6 0 0 0-.25 1.43a4.2 4.2 0 0 1 1.25-.77c.406-.171.84-.262 1.28-.27c.416-.006.83.048 1.23.16c.365.118.705.304 1 .55c.296.253.529.571.68.93c.194.403.303.843.32 1.29c.01.468-.093.931-.3 1.35a3.2 3.2 0 0 1-.83 1a3.6 3.6 0 0 1-1.2.64a4.7 4.7 0 0 1-3-.05a3.7 3.7 0 0 1-1.35-.85a4.2 4.2 0 0 1-1-1.48a5.8 5.8 0 0 1-.32-2.16a6.5 6.5 0 0 1 .38-2.34a4.6 4.6 0 0 1 1-1.62c.407-.416.898-.74 1.44-.95a4.6 4.6 0 0 1 1.7-.31a5.2 5.2 0 0 1 2 .34c.5.19.963.464 1.37.81zm-2.39 5.84c.203.001.406-.03.6-.09c.184-.046.357-.128.51-.24c.151-.136.271-.303.35-.49c.093-.225.137-.467.13-.71a1.26 1.26 0 0 0-.43-1.07a1.8 1.8 0 0 0-1.12-.33a2.4 2.4 0 0 0-1 .21a2.9 2.9 0 0 0-1 .73c.047.346.144.683.29 1c.109.231.258.441.44.62c.153.149.338.261.54.33c.226.055.46.068.69.04\"/>"
		},
		"heart": {
			"body": "<path fill=\"currentColor\" d=\"M16.5 3A5.49 5.49 0 0 0 12 5.344A5.49 5.49 0 0 0 7.5 3A5.5 5.5 0 0 0 2 8.5c0 5.719 6.5 10.438 10 12.85c3.5-2.412 10-7.131 10-12.85A5.5 5.5 0 0 0 16.5 3\"/>"
		},
		"heart-outline": {
			"body": "<path fill=\"currentColor\" d=\"M16.5 4.5c2.206 0 4 1.794 4 4c0 4.669-5.543 8.941-8.5 11.023C9.043 17.441 3.5 13.169 3.5 8.5c0-2.206 1.794-4 4-4a4.01 4.01 0 0 1 3.273 1.706L12 7.953l1.227-1.746A4.01 4.01 0 0 1 16.5 4.5m0-1.5A5.49 5.49 0 0 0 12 5.344A5.49 5.49 0 0 0 7.5 3A5.5 5.5 0 0 0 2 8.5c0 5.719 6.5 10.438 10 12.85c3.5-2.412 10-7.131 10-12.85A5.5 5.5 0 0 0 16.5 3\"/>"
		},
		"help": {
			"body": "<path fill=\"currentColor\" d=\"M12 2C6.477 2 2 6.477 2 12s4.477 10 10 10s10-4.477 10-10S17.523 2 12 2m1 16h-2v-2h2zm0-4.141V15h-2v-2a1 1 0 0 1 1-1c1.103 0 2-.897 2-2s-.897-2-2-2s-2 .897-2 2H8a4 4 0 0 1 8 0a3.99 3.99 0 0 1-3 3.859\"/>"
		},
		"help-outline": {
			"body": "<path fill=\"currentColor\" d=\"M12 4c4.411 0 8 3.589 8 8s-3.589 8-8 8s-8-3.589-8-8s3.589-8 8-8m0-2C6.477 2 2 6.477 2 12s4.477 10 10 10s10-4.477 10-10S17.523 2 12 2m4 8a4 4 0 0 0-8 0h2c0-1.103.897-2 2-2s2 .897 2 2s-.897 2-2 2a1 1 0 0 0-1 1v2h2v-1.141A3.99 3.99 0 0 0 16 10m-3 6h-2v2h2z\"/>"
		},
		"history": {
			"body": "<path fill=\"currentColor\" d=\"M2.12 13.526c.742 4.781 4.902 8.47 9.881 8.47c5.499 0 9.998-4.499 9.998-9.998S17.501 2 12.002 2C8.704 2 5.802 3.601 4 6V2.001L2.003 2L2 9h7V7l-3.199-.001C7.2 5.201 9.502 4 12.002 4C16.4 4 20 7.6 20 11.998s-3.6 7.999-7.999 7.999c-3.878 0-7.132-2.794-7.849-6.471z\"/><path fill=\"currentColor\" d=\"M11.002 6.999v5.302l3.201 4.297l1.6-1.197l-2.801-3.701V6.999z\"/>"
		},
		"house": {
			"body": "<path fill=\"currentColor\" d=\"M22 9L12 1L2 9v2h2v10h5v-4a3 3 0 1 1 6 0v4h5V11h2z\"/>"
		},
		"image": {
			"body": "<path fill=\"currentColor\" d=\"M20 6v12a2 2 0 0 1-2 2H6a2 2 0 0 1-2-2V6a2 2 0 0 1 2-2h12a2 2 0 0 1 2 2m-2 0H6v6.38l2.19-2.19l5.23 5.23l1-1a1.59 1.59 0 0 1 2.11.11L18 16zm-5 3.5a1.5 1.5 0 1 1 3 0a1.5 1.5 0 0 1-3 0\"/>"
		},
		"image-multiple": {
			"body": "<path fill=\"currentColor\" d=\"M15 7.5a1.5 1.5 0 1 1 3.001.001A1.5 1.5 0 0 1 15 7.5M4 20h14a2 2 0 0 1-2 2H4c-1.1 0-2-.9-2-2V8a2 2 0 0 1 2-2zM22 4v12a2 2 0 0 1-2 2H8a2 2 0 0 1-2-2V4a2 2 0 0 1 2-2h12a2 2 0 0 1 2 2M8 4v6.333L11 7l4.855 5.395l.656-.731a2 2 0 0 1 2.976 0l.513.57V4z\"/>"
		},
		"image-remove": {
			"body": "<path fill=\"currentColor\" d=\"m20.587 3.423l1.414 1.414L20 6.84V18a2 2 0 0 1-2 2H6.839l-2.006 2.006l-1.414-1.414zM12.42 14.42l1.001 1.001l1-1a1.59 1.59 0 0 1 2.11.11L18 16V8.839zM15.162 6H6v6.38l2.19-2.19l1.391 1.391L4 17.162V6a2 2 0 0 1 2-2h11.162z\"/>"
		},
		"indent-left": {
			"body": "<path fill=\"currentColor\" d=\"M18 20h2V4h-2zM2 11h10.172l-2.086-2.086L11.5 7.5L16 12l-4.5 4.5l-1.414-1.414L12.172 13H2z\"/>"
		},
		"indent-right": {
			"body": "<path fill=\"currentColor\" d=\"M6 4H4v16h2zm16 9H11.828l2.086 2.086L12.5 16.5L8 12l4.5-4.5l1.414 1.414L11.828 11H22z\"/>"
		},
		"info": {
			"body": "<path fill=\"currentColor\" d=\"M12 2C6.477 2 2 6.477 2 12s4.477 10 10 10s10-4.477 10-10S17.523 2 12 2m1 15h-2v-6h2zm0-8h-2V7h2z\"/>"
		},
		"info-outline": {
			"body": "<path fill=\"currentColor\" d=\"M13 9h-2V7h2zm0 2h-2v6h2zm-1-7c-4.411 0-8 3.589-8 8s3.589 8 8 8s8-3.589 8-8s-3.589-8-8-8m0-2c5.523 0 10 4.477 10 10s-4.477 10-10 10S2 17.523 2 12S6.477 2 12 2\"/>"
		},
		"ink": {
			"body": "<path fill=\"currentColor\" d=\"M5 15a7 7 0 1 0 14 0a6.96 6.96 0 0 0-1.105-3.765h.007L12 2l-5.903 9.235h.007A6.97 6.97 0 0 0 5 15\"/>"
		},
		"institution": {
			"body": "<path fill=\"currentColor\" d=\"M2 19h20v3H2zM12 2L2 6v2h20V6zm5 8h3v7h-3zm-6.5 0h3v7h-3zM4 10h3v7H4z\"/>"
		},
		"italic": {
			"body": "<path fill=\"currentColor\" d=\"m10.536 5l-.427 2h1.5L9.263 18h-1.5l-.427 2h6.128l.426-2h-1.5l2.347-11h1.5l.427-2z\"/>"
		},
		"layout": {
			"body": "<path fill=\"currentColor\" d=\"M8 20H5a2 2 0 0 1-2-2V6a2 2 0 0 1 2-2h3a2 2 0 0 1 2 2v12a2 2 0 0 1-2 2m8-10h4a2 2 0 0 0 2-2V5a2 2 0 0 0-2-2h-4a2 2 0 0 0-2 2v3a2 2 0 0 0 2 2m5 10v-6a2 2 0 0 0-2-2h-5a2 2 0 0 0-2 2v6a2 2 0 0 0 2 2h5a2 2 0 0 0 2-2\"/>"
		},
		"layout-blocks": {
			"body": "<path fill=\"currentColor\" d=\"M21 7h-2V3a2 2 0 0 0-2-2H7a2 2 0 0 0-2 2v2H3a2 2 0 0 0-2 2v4a2 2 0 0 0 2 2h2v8a2 2 0 0 0 2 2h10a2 2 0 0 0 2-2v-2h2a2 2 0 0 0 2-2V9a2 2 0 0 0-2-2m-4 14H7v-8h2a2 2 0 0 0 2-2V7a2 2 0 0 0-2-2H7V3h10v4h-2a2 2 0 0 0-2 2v8a2 2 0 0 0 2 2h2zm4-4h-6V9h6z\"/>"
		},
		"line-graph": {
			"body": "<path fill=\"currentColor\" d=\"M3 19h18v2H3zm3-3c1.1 0 2-.9 2-2c0-.5-.2-1-.5-1.3L8.8 10H9c.5 0 1-.2 1.3-.5l2.7 1.4v.1c0 1.1.9 2 2 2s2-.9 2-2c0-.5-.2-.9-.5-1.3L17.8 7h.2c1.1 0 2-.9 2-2s-.9-2-2-2s-2 .9-2 2c0 .5.2 1 .5 1.3L15.2 9H15c-.5 0-1 .2-1.3.5L11 8.2V8c0-1.1-.9-2-2-2s-2 .9-2 2c0 .5.2 1 .5 1.3L6.2 12H6c-1.1 0-2 .9-2 2s.9 2 2 2\"/>"
		},
		"link": {
			"body": "<path fill=\"currentColor\" d=\"M17 13H7v-2h10zm1-6h-1c-1.631 0-3.065.792-3.977 2H18c1.103 0 2 .897 2 2v2c0 1.103-.897 2-2 2h-4.977c.913 1.208 2.347 2 3.977 2h1a4 4 0 0 0 4-4v-2a4 4 0 0 0-4-4M2 11v2a4 4 0 0 0 4 4h1c1.63 0 3.065-.792 3.977-2H6c-1.103 0-2-.897-2-2v-2c0-1.103.897-2 2-2h4.977C10.065 7.792 8.631 7 7 7H6a4 4 0 0 0-4 4\"/>"
		},
		"link-break": {
			"body": "<path fill=\"currentColor\" d=\"m10 11l-2 2H7v-2zm9.641-3.64L22 5l-1.5-1.5l-17 17L5 22l9-9h3v-2h-1l2-2c1.103 0 2 .897 2 2v2c0 1.103-.897 2-2 2h-4.977c.913 1.208 2.347 2 3.977 2h1a4 4 0 0 0 4-4v-2a4 4 0 0 0-2.359-3.64M4.36 16.64L6 15c-1.103 0-2-.897-2-2v-2c0-1.103.897-2 2-2h4.977C10.065 7.792 8.631 7 7 7H6a4 4 0 0 0-4 4v2c0 1.623.971 3.013 2.36 3.64\"/>"
		},
		"list-checkmark": {
			"body": "<path fill=\"currentColor\" d=\"M9.5 15.5L5 20l-2.5-2.5l1.061-1.061L5 17.879l3.439-3.439zM10 5v2h11V5zm0 14h11v-2H10zm0-6h11v-2H10zM8.439 8.439L5 11.879L3.561 10.44L2.5 11.5L5 14l4.5-4.5zm0-6L5 5.879l-1.439-1.44L2.5 5.5L5 8l4.5-4.5z\"/>"
		},
		"list-ordered": {
			"body": "<path fill=\"currentColor\" d=\"M8 19h13v-2H8zm0-6h13v-2H8zm0-8v2h13V5zm-4.425.252q.16-.144.269-.275q-.018.342-.018.756V8h1.175V3.717H3.959L2.488 4.915l.601.738zm.334 7.764q.712-.639.93-.867t.35-.435t.195-.42q.063-.214.063-.466q0-.337-.18-.608c-.18-.271-.289-.32-.507-.417a1.8 1.8 0 0 0-.742-.148q-.331 0-.596.067c-.265.067-.34.11-.491.195q-.225.128-.557.423l.636.744q.261-.225.467-.341a.84.84 0 0 1 .409-.116a.44.44 0 0 1 .305.097a.34.34 0 0 1 .108.264q0 .135-.054.258t-.192.294q-.138.172-.586.64l-1.046 1.058V14h3.108v-.955h-1.62zm.53 4.746v-.018q.46-.13.703-.414q.243-.286.243-.685a.84.84 0 0 0-.378-.727q-.378-.264-1.043-.264q-.46 0-.816.1c-.356.1-.469.178-.696.334l.48.773q.44-.275.85-.275q.22 0 .35.082c.13.082.13.139.13.252q0 .451-.882.451h-.27v.87h.264q.326 0 .527.049q.202.047.293.143t.091.271q0 .228-.174.336q-.174.106-.555.106a2.3 2.3 0 0 1-.538-.069a2.5 2.5 0 0 1-.573-.212v.961q.342.131.637.182t.64.05q.84 0 1.314-.343q.473-.343.473-.94q.004-.878-1.07-1.013\"/>"
		},
		"list-ordered-rtl": {
			"body": "<path fill=\"currentColor\" d=\"M3 19h13v-2H3zm0-6h13v-2H3zm0-8v2h13V5zm16.587.252q.16-.144.269-.275q-.018.342-.018.756V8h1.175V3.717h-1.042L18.5 4.915l.601.738zm.448 7.826q.713-.639.93-.867t.35-.435q.132-.207.195-.42q.063-.214.063-.466q0-.337-.18-.608a1.15 1.15 0 0 0-.507-.417a1.8 1.8 0 0 0-.742-.148a2.4 2.4 0 0 0-.596.067q-.265.067-.491.195t-.557.423l.636.744q.261-.225.467-.341a.84.84 0 0 1 .409-.116a.44.44 0 0 1 .305.097a.34.34 0 0 1 .108.264q0 .135-.054.258t-.192.294q-.138.172-.586.64L18.547 13.3v.762h3.108v-.955h-1.62zm.459 4.747v-.018q.46-.13.703-.414q.243-.286.243-.685a.84.84 0 0 0-.378-.727q-.378-.264-1.043-.264q-.46 0-.816.1a2.4 2.4 0 0 0-.696.334l.48.773q.44-.276.85-.275q.22 0 .35.082t.13.252q0 .451-.882.451h-.27v.87h.264q.326 0 .527.049q.202.047.293.143t.091.271q0 .228-.174.336q-.174.105-.555.106a2.3 2.3 0 0 1-.538-.069a2.5 2.5 0 0 1-.573-.212v.961q.343.132.637.182q.295.05.64.05q.84 0 1.314-.343q.473-.343.473-.94q.003-.878-1.07-1.013\"/>"
		},
		"list-unordered": {
			"body": "<path fill=\"currentColor\" d=\"M9 19h12v-2H9zm0-6h12v-2H9zm0-8v2h12V5zm-4-.5a1.5 1.5 0 1 0 .001 3.001A1.5 1.5 0 0 0 5 4.5m0 6a1.5 1.5 0 1 0 .001 3.001A1.5 1.5 0 0 0 5 10.5m0 6a1.5 1.5 0 1 0 .001 3.001A1.5 1.5 0 0 0 5 16.5\"/>"
		},
		"location": {
			"body": "<path fill=\"currentColor\" d=\"M19 9A7 7 0 1 0 5 9c0 1.387.409 2.677 1.105 3.765h-.008L12 22l5.903-9.235h-.007A6.97 6.97 0 0 0 19 9m-7 3a3 3 0 1 1 0-6a3 3 0 0 1 0 6\"/>"
		},
		"lock": {
			"body": "<path fill=\"currentColor\" d=\"M18 8h-1V7c0-2.757-2.243-5-5-5S7 4.243 7 7v1H6a2 2 0 0 0-2 2v10a2 2 0 0 0 2 2h12a2 2 0 0 0 2-2V10a2 2 0 0 0-2-2M9 7c0-1.654 1.346-3 3-3s3 1.346 3 3v1H9zm4 8.723V18h-2v-2.277c-.595-.346-1-.984-1-1.723a2 2 0 1 1 4 0c0 .738-.405 1.376-1 1.723\"/>"
		},
		"mail": {
			"body": "<path fill=\"currentColor\" d=\"M20 4H4a2 2 0 0 0-2 2v12a2 2 0 0 0 2 2h16a2 2 0 0 0 2-2V6a2 2 0 0 0-2-2m0 4.236l-8 4.882l-8-4.882V6h16z\"/>"
		},
		"mention": {
			"body": "<path fill=\"currentColor\" d=\"M12 2a10 10 0 0 0 0 20v-2a8 8 0 1 1 8-8v.5a1.5 1.5 0 0 1-3 0V7h-2v1a5 5 0 1 0 1 7a3.5 3.5 0 0 0 6-2.46V12A10 10 0 0 0 12 2m0 13a3 3 0 1 1 3-3a3 3 0 0 1-3 3\"/>"
		},
		"menu": {
			"body": "<path fill=\"currentColor\" d=\"M21 6v2H3V6zM3 18h18v-2H3zm0-5h18v-2H3z\"/>"
		},
		"menus": {
			"body": "<path fill=\"currentColor\" d=\"M9 19h10v-2H9zm0-6h6v-2H9zm0-8v2h12V5zm-4-.5a1.5 1.5 0 1 0 .001 3.001A1.5 1.5 0 0 0 5 4.5m0 6a1.5 1.5 0 1 0 .001 3.001A1.5 1.5 0 0 0 5 10.5m0 6a1.5 1.5 0 1 0 .001 3.001A1.5 1.5 0 0 0 5 16.5\"/>"
		},
		"microphone": {
			"body": "<path fill=\"currentColor\" d=\"M19 9v1a7 7 0 0 1-6 6.92V20h3v2H8v-2h3v-3.08A7 7 0 0 1 5 10V9h2v1a5 5 0 0 0 10 0V9zm-7 4a3 3 0 0 0 3-3V5a3 3 0 0 0-6 0v5a3 3 0 0 0 3 3\"/>"
		},
		"minus": {
			"body": "<path fill=\"currentColor\" d=\"M3 11h18v2H3z\"/>"
		},
		"minus-small": {
			"body": "<path fill=\"currentColor\" d=\"M6 11h12v2H6z\"/>"
		},
		"money": {
			"body": "<path fill=\"currentColor\" d=\"M2 5v14h20V5zm5 12a3 3 0 0 0-3-3v-4a3 3 0 0 0 3-3h10a3 3 0 0 0 3 3v4a3 3 0 0 0-3 3zm5-8c1.1 0 2 1.3 2 3s-.9 3-2 3s-2-1.3-2-3s.9-3 2-3\"/>"
		},
		"multiple-users": {
			"body": "<path fill=\"currentColor\" d=\"M24 14.6c0 .6-1.2 1-2.6 1.2c-.9-1.7-2.7-3-4.8-3.9c.2-.3.4-.5.6-.8h.8c3.1-.1 6 1.8 6 3.5M6.8 11H6c-3.1 0-6 1.9-6 3.6c0 .6 1.2 1 2.6 1.2c.9-1.7 2.7-3 4.8-3.9zm5.2 1c2.2 0 4-1.8 4-4s-1.8-4-4-4s-4 1.8-4 4s1.8 4 4 4m0 1c-4.1 0-8 2.6-8 5c0 2 8 2 8 2s8 0 8-2c0-2.4-3.9-5-8-5m5.7-3h.3c1.7 0 3-1.3 3-3s-1.3-3-3-3c-.5 0-.9.1-1.3.3c.8 1 1.3 2.3 1.3 3.7c0 .7-.1 1.4-.3 2M6 10h.3C6.1 9.4 6 8.7 6 8c0-1.4.5-2.7 1.3-3.7C6.9 4.1 6.5 4 6 4C4.3 4 3 5.3 3 7s1.3 3 3 3\"/>"
		},
		"my-sites": {
			"body": "<path fill=\"currentColor\" d=\"M12 2C6.477 2 2 6.477 2 12s4.477 10 10 10s10-4.477 10-10S17.523 2 12 2M3.5 12c0-1.232.264-2.402.736-3.459L8.291 19.65A8.5 8.5 0 0 1 3.5 12m8.5 8.501c-.834 0-1.64-.122-2.401-.346l2.551-7.411l2.613 7.158a1 1 0 0 0 .061.117a8.5 8.5 0 0 1-2.824.482m1.172-12.486c.512-.027.973-.081.973-.081c.458-.054.404-.727-.054-.701c0 0-1.377.108-2.266.108c-.835 0-2.239-.108-2.239-.108c-.459-.026-.512.674-.054.701c0 0 .434.054.892.081l1.324 3.629l-1.86 5.579l-3.096-9.208c.512-.027.973-.081.973-.081c.458-.054.403-.727-.055-.701c0 0-1.376.108-2.265.108c-.16 0-.347-.004-.547-.01A8.49 8.49 0 0 1 12 3.5c2.213 0 4.228.846 5.74 2.232c-.037-.002-.072-.007-.11-.007c-.835 0-1.427.727-1.427 1.509c0 .701.404 1.293.835 1.994c.323.566.701 1.293.701 2.344c0 .727-.28 1.572-.647 2.748l-.848 2.833zm3.101 11.332l2.596-7.506c.485-1.213.646-2.182.646-3.045q-.002-.469-.057-.874A8.46 8.46 0 0 1 20.5 12a8.49 8.49 0 0 1-4.227 7.347\"/>"
		},
		"my-sites-horizon": {
			"body": "<path fill=\"currentColor\" d=\"m10.986 13.928l.762-2.284l-1.324-3.629a16 16 0 0 1-.892-.081c-.458-.027-.405-.727.054-.701c0 0 1.403.108 2.239.108c.889 0 2.266-.108 2.266-.108c.458-.027.512.646.054.701c0 0-.461.054-.973.081l2.006 5.966a82 82 0 0 0-2.599-.061l-.429-1.177l-.403 1.171c-.252.001-.508.01-.761.014m-7.156.393A8.5 8.5 0 0 1 3.5 12c0-1.232.264-2.402.736-3.459l2.036 5.578q1.273-.087 2.526-.137L6.792 8.015c.512-.027.973-.081.973-.081c.458-.054.404-.727-.055-.701c0 0-1.376.108-2.265.108c-.16 0-.347-.004-.547-.01A8.49 8.49 0 0 1 12 3.5c2.213 0 4.228.846 5.74 2.232c-.036-.002-.072-.007-.11-.007c-.835 0-1.427.727-1.427 1.509c0 .701.404 1.293.835 1.994c.323.566.701 1.293.701 2.344c0 .674-.245 1.463-.573 2.51q.452.03.907.066l.798-2.307c.485-1.213.646-2.182.646-3.044q-.002-.469-.057-.874A8.5 8.5 0 0 1 20.5 12c0 .807-.128 1.581-.339 2.32c.5.049 1.005.112 1.508.169A10 10 0 0 0 22 12c0-5.523-4.477-10-10-10S2 6.477 2 12c0 .862.125 1.692.331 2.49c.5-.057 1.002-.12 1.499-.169m14.638 3.167c-1.792 2.184-4.35 3.013-6.468 3.013c-1.876 0-4.551-.698-6.463-3.013q-.877.07-1.769.161C5.571 20.271 8.578 22 12 22s6.429-1.729 8.232-4.351a80 80 0 0 0-1.764-.161M12 15.01c-3.715 0-7.368.266-10.958.733q.27.615.506 1.247c3.427-.431 6.91-.679 10.452-.679s7.025.248 10.452.679q.236-.632.506-1.246A85 85 0 0 0 12 15.01\"/>"
		},
		"nametag": {
			"body": "<path fill=\"currentColor\" d=\"M12 6a1 1 0 1 1-1 1a1 1 0 0 1 1-1m-6 8h12v3H6zm14-8h-4V3H8v3H4a2 2 0 0 0-2 2v11a2 2 0 0 0 2 2h16a2 2 0 0 0 2-2V8a2 2 0 0 0-2-2M10 5h4v5h-4zm10 14H4v-9h4a2 2 0 0 0 2 2h4a2 2 0 0 0 2-2h4z\"/>"
		},
		"next-page": {
			"body": "<path fill=\"currentColor\" d=\"M18 8h-8V6h8zm4-4v8l-6 6H8a2 2 0 0 1-2-2V4a2 2 0 0 1 2-2h12a2 2 0 0 1 2 2m-2 0H8v12h6v-4a2 2 0 0 1 2-2h4zM4 6a2 2 0 0 0-2 2v12c0 1.1.9 2 2 2h12a2 2 0 0 0 2-2H4z\"/>"
		},
		"not-visible": {
			"body": "<path fill=\"currentColor\" d=\"M1 12s4.188-6 11-6c.947 0 1.839.121 2.678.322L8.36 12.64A4 4 0 0 1 8 11c0-.937.335-1.787.875-2.469c-2.392.812-4.214 2.385-5.254 3.469a15 15 0 0 0 2.98 2.398l-1.453 1.453C2.497 14.13 1 12 1 12m22 0s-4.188 6-11 6c-.946 0-1.836-.124-2.676-.323L5 22l-1.5-1.5l17-17L22 5l-3.147 3.147C21.501 9.869 23 12 23 12m-2.615.006a14.8 14.8 0 0 0-2.987-2.403L16 11a4 4 0 0 1-4 4l-.947.947c.31.031.624.053.947.053c3.978 0 6.943-2.478 8.385-3.994\"/>"
		},
		"notice": {
			"body": "<path fill=\"currentColor\" d=\"M12 2C6.477 2 2 6.477 2 12s4.477 10 10 10s10-4.477 10-10S17.523 2 12 2m1 15h-2v-2h2zm0-4h-2l-.5-6h3z\"/>"
		},
		"notice-outline": {
			"body": "<path fill=\"currentColor\" d=\"M12 4c4.411 0 8 3.589 8 8s-3.589 8-8 8s-8-3.589-8-8s3.589-8 8-8m0-2C6.477 2 2 6.477 2 12s4.477 10 10 10s10-4.477 10-10S17.523 2 12 2m1 13h-2v2h2zm-2-2h2l.5-6h-3z\"/>"
		},
		"offline": {
			"body": "<path fill=\"currentColor\" d=\"M10 3h8l-4 6h4L6 21l4-9H6z\"/>"
		},
		"pages": {
			"body": "<path fill=\"currentColor\" d=\"M16 8H8V6h8zm0 2H8v2h8zm4-6v12l-6 6H6a2 2 0 0 1-2-2V4a2 2 0 0 1 2-2h12a2 2 0 0 1 2 2m-2 10V4H6v16h6v-4a2 2 0 0 1 2-2z\"/>"
		},
		"pause": {
			"body": "<path fill=\"currentColor\" d=\"M12 2C6.477 2 2 6.477 2 12s4.477 10 10 10s10-4.477 10-10S17.523 2 12 2m-1 14H9V8h2zm4 0h-2V8h2z\"/>"
		},
		"pencil": {
			"body": "<path fill=\"currentColor\" d=\"m13 6l5 5l-9.507 9.507a1.766 1.766 0 0 1-.012-2.485l-.003-.003a1.763 1.763 0 0 1-2.521-2.467l-.008-.008a1.765 1.765 0 0 1-2.455-.036zm7.586-.414l-2.172-2.172a2 2 0 0 0-2.828 0L14 5l5 5l1.586-1.586a2 2 0 0 0 0-2.828M3 18v3h3a3 3 0 0 0-3-3\"/>"
		},
		"phone": {
			"body": "<path fill=\"currentColor\" d=\"M16 2H8a2 2 0 0 0-2 2v16a2 2 0 0 0 2 2h8a2 2 0 0 0 2-2V4a2 2 0 0 0-2-2m-3 19h-2v-1h2zm3-2H8V5h8z\"/>"
		},
		"pin": {
			"body": "<path fill=\"currentColor\" d=\"M19 17c0-2.038-1.188-3.836-3-4.92V5h.5a1.5 1.5 0 0 0 0-3h-9a1.5 1.5 0 0 0 0 3H8v7.08C6.188 13.164 5 14.962 5 17h6v4c0 .55.45 1 1 1s1-.45 1-1v-4z\"/>"
		},
		"plans": {
			"body": "<path fill=\"currentColor\" d=\"M12 2C6.5 2 2 6.5 2 12s4.5 10 10 10s10-4.5 10-10S17.5 2 12 2m-1 12H6l5-10zm2 6V10h5z\"/>"
		},
		"play": {
			"body": "<path fill=\"currentColor\" d=\"M12 2a10 10 0 1 0 10 10A10 10 0 0 0 12 2m-2 14.5v-9l6 4.5z\"/>"
		},
		"plugins": {
			"body": "<path fill=\"currentColor\" d=\"M16 8V3a1 1 0 0 0-2 0v5h-4V3a1 1 0 0 0-2 0v5H5v4a6.99 6.99 0 0 0 4 6.317V22h6v-3.683A6.99 6.99 0 0 0 19 12V8z\"/>"
		},
		"plus": {
			"body": "<path fill=\"currentColor\" d=\"M21 13h-8v8h-2v-8H3v-2h8V3h2v8h8z\"/>"
		},
		"plus-small": {
			"body": "<path fill=\"currentColor\" d=\"M18 11h-5V6h-2v5H6v2h5v5h2v-5h5z\"/>"
		},
		"popout": {
			"body": "<path fill=\"currentColor\" d=\"M6 7V5a2 2 0 0 1 2-2h11a2 2 0 0 1 2 2v14a2 2 0 0 1-2 2H8a2 2 0 0 1-2-2v-2h2v2h11V5H8v2zm5.5-.5l-1.414 1.414L13.172 11H3v2h10.172l-3.086 3.086L11.5 17.5L17 12z\"/>"
		},
		"posts": {
			"body": "<path fill=\"currentColor\" d=\"M16 19H3v-2h13zm5-10H3v2h18zM3 5v2h11V5zm14 0v2h4V5zm-6 8v2h10v-2zm-8 0v2h5v-2z\"/>"
		},
		"print": {
			"body": "<path fill=\"currentColor\" d=\"M9 16h6v2H9zm13 1h-3v3a2 2 0 0 1-2 2H7a2 2 0 0 1-2-2v-3H2V9a2 2 0 0 1 2-2h1V5a2 2 0 0 1 2-2h10a2 2 0 0 1 2 2v2h1a2 2 0 0 1 2 2zM7 7h10V5H7zm10 7H7v6h10zm3-3.5a1.5 1.5 0 1 0-3.001.001A1.5 1.5 0 0 0 20 10.5\"/>"
		},
		"product": {
			"body": "<path fill=\"currentColor\" d=\"M22 3H2v6h1v11a2 2 0 0 0 2 2h14a2 2 0 0 0 2-2V9h1zM4 5h16v2H4zm15 15H5V9h14zM9 11h6a2 2 0 0 1-2 2h-2a2 2 0 0 1-2-2\"/>"
		},
		"product-downloadable": {
			"body": "<path fill=\"currentColor\" d=\"M22 3H2v6h1v11a2 2 0 0 0 2 2h14a2 2 0 0 0 2-2V9h1zM4 5h16v2H4zm15 15H5V9h14zm-6-10v5.17l2.59-2.58L17 14l-5 5l-5-5l1.41-1.42L11 15.17V10z\"/>"
		},
		"product-external": {
			"body": "<path fill=\"currentColor\" d=\"M22 3H2v6h1v11a2 2 0 0 0 2 2h14a2 2 0 0 0 2-2V9h1zM4 5h16v2H4zm15 15H5V9h14zm-2-9v6h-2v-2.59l-3.29 3.29l-1.41-1.41L13.59 13H11v-2z\"/>"
		},
		"product-virtual": {
			"body": "<path fill=\"currentColor\" d=\"M22 3H2v6h1v11a2 2 0 0 0 2 2h14a2 2 0 0 0 2-2V9h1zM4 5h16v2H4zm15 15H5V9h14zM7 16.45a1.82 1.82 0 0 1 1.82-1.82h.09a2.94 2.94 0 1 1 5.799-.92a2.27 2.27 0 0 1 1.08 4.29H7.87A1.81 1.81 0 0 1 7 16.45\"/>"
		},
		"quote": {
			"body": "<path fill=\"currentColor\" d=\"M11.192 15.757q0-1.32-.69-2.217q-.489-.618-1.327-.812c-.55-.128-1.07-.137-1.54-.028c-.16-.95.1-1.956.76-3.022q.992-1.598 2.558-2.403L9.372 5c-.8.396-1.56.898-2.26 1.505c-.71.607-1.34 1.305-1.9 2.094s-.98 1.68-1.25 2.69s-.345 2.04-.216 3.1c.168 1.4.62 2.52 1.356 3.35Q6.205 19 7.85 19c.965 0 1.766-.29 2.4-.878q.941-.864.94-2.368zm9.124 0q0-1.32-.69-2.217q-.49-.63-1.327-.817q-.84-.185-1.54-.022c-.16-.94.09-1.95.752-3.02q.99-1.59 2.556-2.4L18.49 5q-1.201.594-2.26 1.505a11.3 11.3 0 0 0-1.894 2.094c-.556.79-.97 1.68-1.24 2.69a8 8 0 0 0-.217 3.1c.166 1.4.616 2.52 1.35 3.35q1.1 1.252 2.743 1.252q1.45.002 2.402-.877q.941-.864.942-2.368z\"/>"
		},
		"read-more": {
			"body": "<path fill=\"currentColor\" d=\"M9 12h6v-2H9zm-7 0h5v-2H2zm15 0h5v-2h-5zm3 2v2l-6 6H6a2 2 0 0 1-2-2v-6h2v6h6v-4a2 2 0 0 1 2-2zM4 8V4a2 2 0 0 1 2-2h12a2 2 0 0 1 2 2v4h-2V4H6v4z\"/>"
		},
		"reader": {
			"body": "<path fill=\"currentColor\" d=\"M3 4v14c0 1.1.9 2 2 2h14c1.1 0 2-.9 2-2V4zm7 11H5v-1h5zm2-2H5v-1h7zm0-2H5v-1h7zm7 4h-5v-5h5zm0-7H5V6h14z\"/>"
		},
		"reader-comment": {
			"body": "<path fill=\"currentColor\" stroke=\"currentColor\" stroke-width=\"1.5\" d=\"M12.528 14.556v-.75h-8.75c-.568 0-1.028-.46-1.028-1.028v-8c0-.568.46-1.028 1.028-1.028h12.444c.568 0 1.028.46 1.028 1.028v7.948c0 .905-.438 1.756-1.175 2.282l-3.547 2.534z\"/>"
		},
		"reader-external": {
			"body": "<path fill=\"currentColor\" fill-rule=\"evenodd\" d=\"M11.376 2.016h6.608v6.608h-1.5V4.577l-5.87 5.87l-.53.53l-1.061-1.06l.53-.53l5.87-5.87h-4.047zM5 5.5h4V4H5a2 2 0 0 0-2 2v9a2 2 0 0 0 2 2h9a2 2 0 0 0 2-2v-4h-1.5v4a.5.5 0 0 1-.5.5H5a.5.5 0 0 1-.5-.5V6a.5.5 0 0 1 .5-.5\" clip-rule=\"evenodd\"/>"
		},
		"reader-follow": {
			"body": "<path fill=\"currentColor\" fill-rule=\"evenodd\" d=\"M4 4.5h12V11h1.5V3h-15v12a2 2 0 0 0 2 2h7v-1.5h-7A.5.5 0 0 1 4 15zm10.5 2h-9V8h9zm-5 3h-4V11h4zM13 11h-1v1h1zm-1-1.5h-1.5v4h4v-4H13zM9.5 12h-4v1.5h4zm6.5 1.25h1.5v2.25h2.25V17H17.5v2.25H16V17h-2.25v-1.5H16z\" clip-rule=\"evenodd\"/>"
		},
		"reader-follow-conversation": {
			"body": "<path fill=\"currentColor\" d=\"M20 14v-3h-2v3h-3v2h3v3h2v-3h3v-2z\"/><path fill=\"currentColor\" d=\"M13 16h-2l-5 5v-5H4c-1.1 0-2-.9-2-2V5c0-1.1.9-2 2-2h14c1.1 0 2 .9 2 2v4h-4v3h-3z\"/>"
		},
		"reader-following": {
			"body": "<path fill=\"currentColor\" fill-rule=\"evenodd\" d=\"m21 11.889l-4.455 4.455l-2.094-2.176L9.538 19H5c-1.1 0-2-.9-2-2V3h18zM16.508 22L24 14.482l-1.388-1.376l-6.094 6.094l-2.106-2.188L13 18.4zM9 14H5v-1h4zm-4-2h7v-1H5zm7-2H5V9h7zM5 7h14V5H5z\" clip-rule=\"evenodd\"/>"
		},
		"reader-following-conversation": {
			"body": "<path fill=\"currentColor\" d=\"m16.8 14.5l3.2-3.2V5c0-1.1-.9-2-2-2H4c-1.1 0-2 .9-2 2v9c0 1.1.9 2 2 2h2v5l8.7-8.7z\"/><path fill=\"currentColor\" d=\"m22.6 11.1l-6.1 6.1l-2.1-2.2l-1.4 1.4l3.5 3.6l7.5-7.6z\"/>"
		},
		"reader-share": {
			"body": "<clipPath id=\"SVGuQ5y4dzl\"><path d=\"M0 0h20v20H0z\"/></clipPath><g clip-path=\"url(#SVGuQ5y4dzl)\"><path fill=\"currentColor\" stroke=\"currentColor\" stroke-linecap=\"round\" stroke-width=\"1.5\" d=\"M11.867 6.8V3l6.8 6.65l-6.8 6.65v-3.8s-10.2-.884-10.2 4.5c0-10.77 10.2-10.2 10.2-10.2z\"/></g>"
		},
		"reader-star": {
			"body": "<path fill=\"currentColor\" stroke=\"currentColor\" stroke-linecap=\"round\" stroke-width=\"1.5\" d=\"m10 2.5l2.446 5.335h5.47l-4.582 4.24l1.559 5.425L10 14.687L5.108 17.5l1.559-5.426l-4.584-4.239h5.471z\"/>"
		},
		"reblog": {
			"body": "<path fill=\"currentColor\" d=\"M22.086 9.914L20 7.828V18a2 2 0 0 1-2 2h-7v-2h7V7.828l-2.086 2.086L14.5 8.5L19 4l4.5 4.5zM6 16.172V6h7V4H6a2 2 0 0 0-2 2v10.172l-2.086-2.086L.5 15.5L5 20l4.5-4.5l-1.414-1.414z\"/>"
		},
		"recent": {
			"body": "<path fill=\"currentColor\" d=\"m23 12l-2.44 2.78l.34 3.68l-3.61.82l-1.89 3.18L12 21l-3.4 1.47l-1.89-3.18l-3.61-.82l.34-3.69L1 12l2.44-2.79l-.34-3.68l3.61-.81L8.6 1.54L12 3l3.4-1.46l1.89 3.18l3.61.82l-.34 3.68zm-2.67 0L18.5 9.89l.24-2.79L16 6.5l-1.42-2.43L12 5.18L9.42 4.07L8 6.5l-2.74.59l.24 2.79L3.67 12l1.83 2.1l-.24 2.8l2.74.6l1.42 2.43L12 18.81l2.58 1.11L16 17.5l2.74-.61l-.24-2.79zM11 15h2v2h-2zm0-8h2v6h-2z\"/>"
		},
		"redo": {
			"body": "<path fill=\"currentColor\" d=\"M18 6v3.586l-3.657-3.657c-1.172-1.172-2.707-1.757-4.243-1.757s-3.071.585-4.242 1.757a6 6 0 0 0 0 8.485l5.364 5.364l1.414-1.414L7.272 13a4.004 4.004 0 0 1 0-5.657A3.98 3.98 0 0 1 10.1 6.171c1.068 0 2.073.416 2.828 1.172L16.586 11H13v2h7V6z\"/>"
		},
		"refresh": {
			"body": "<path fill=\"currentColor\" d=\"M17.91 14c-.478 2.833-2.943 5-5.91 5c-3.308 0-6-2.692-6-6s2.692-6 6-6h2.172l-2.086 2.086L13.5 10.5L18 6l-4.5-4.5l-1.414 1.414L14.172 5H12a8 8 0 0 0 0 16c4.079 0 7.438-3.055 7.931-7z\"/>"
		},
		"refund": {
			"body": "<path fill=\"currentColor\" d=\"M13.91 2.91L11.83 5H14a8 8 0 0 1 8 8h-2a6 6 0 0 0-6-6h-2.17l2.09 2.09l-1.42 1.41L8 6l1.41-1.41L12.5 1.5zM2 12v10h16V12zm2 6.56v-3.11A4 4 0 0 0 5.45 14h9.1A4 4 0 0 0 16 15.45v3.11A4 4 0 0 0 14.57 20H5.45A4 4 0 0 0 4 18.56m6 .44c.828 0 1.5-.895 1.5-2s-.672-2-1.5-2s-1.5.895-1.5 2s.672 2 1.5 2\"/>"
		},
		"reply": {
			"body": "<path fill=\"currentColor\" d=\"M9 16h7.2l-2.6 2.6L15 20l5-5l-5-5l-1.4 1.4l2.6 2.6H9c-2.2 0-4-1.8-4-4s1.8-4 4-4h2V4H9c-3.3 0-6 2.7-6 6s2.7 6 6 6\"/>"
		},
		"resize": {
			"body": "<path fill=\"currentColor\" d=\"M13 4v2h3.59L6 16.59V13H4v7h7v-2H7.41L18 7.41V11h2V4z\"/>"
		},
		"rotate": {
			"body": "<path fill=\"currentColor\" d=\"M18 14v6a2 2 0 0 1-2 2H6a2 2 0 0 1-2-2v-6a2 2 0 0 1 2-2h10a2 2 0 0 1 2 2M13.914 2.914L11.828 5H14a8 8 0 0 1 8 8h-2c0-3.308-2.692-6-6-6h-2.172l2.086 2.086L12.5 10.5L8 6l1.414-1.414L12.5 1.5z\"/>"
		},
		"scheduled": {
			"body": "<path fill=\"currentColor\" d=\"m10.498 18.001l-3.705-3.705l1.415-1.415l2.294 2.294l5.293-5.293l1.415 1.415zM21 6v13a2 2 0 0 1-2 2H5a2 2 0 0 1-2-2V6a2 2 0 0 1 2-2h1V2h2v2h8V2h2v2h1a2 2 0 0 1 2 2m-2 2H5v11h14z\"/>"
		},
		"science": {
			"body": "<path fill=\"currentColor\" fill-rule=\"evenodd\" d=\"M3.211 19.7Q3.773 21 5.12 21h13.76q1.348 0 1.909-1.3t-.37-2.367L15.465 11V5h1.668a.92.92 0 0 0 .69-.283A1 1 0 0 0 18.096 4a1 1 0 0 0-.273-.717a.92.92 0 0 0-.69-.283H6.867a.92.92 0 0 0-.69.283A1 1 0 0 0 5.905 4q0 .434.273.717a.92.92 0 0 0 .69.283h1.668v6L3.58 17.333q-.93 1.066-.369 2.367m4.457-4.423h8.664l-2.792-3.544V5h-3.08v6.733z\" clip-rule=\"evenodd\"/>"
		},
		"search": {
			"body": "<path fill=\"currentColor\" d=\"m21 19l-5.154-5.154a7 7 0 1 0-2 2L19 21zM5 10c0-2.757 2.243-5 5-5s5 2.243 5 5s-2.243 5-5 5s-5-2.243-5-5\"/>"
		},
		"share": {
			"body": "<path fill=\"currentColor\" d=\"M18 16c-.788 0-1.499.31-2.034.807L8.91 12.7c.05-.23.09-.46.09-.7s-.04-.47-.09-.7l7.05-4.11c.54.5 1.25.81 2.04.81c1.66 0 3-1.34 3-3s-1.34-3-3-3s-3 1.34-3 3c0 .24.04.47.09.7L8.04 9.81C7.5 9.31 6.79 9 6 9c-1.66 0-3 1.34-3 3s1.34 3 3 3c.79 0 1.5-.31 2.04-.81l7.048 4.118A3 3 0 0 0 15 19a3 3 0 1 0 3-3\"/>"
		},
		"share-computer": {
			"body": "<path fill=\"currentColor\" d=\"M20 2H4a2 2 0 0 0-2 2v12a2 2 0 0 0 2 2h6v2H7v2h10v-2h-3v-2h6a2 2 0 0 0 2-2V4a2 2 0 0 0-2-2m0 14H4V4h16zm-3.25-3a1.75 1.75 0 0 1-3.5 0L10 11.36a1.71 1.71 0 1 1 0-2.71L13.25 7a1.77 1.77 0 1 1 .68 1.37L10.71 10l3.22 1.61A1.74 1.74 0 0 1 16.75 13\"/>"
		},
		"share-ios": {
			"body": "<path fill=\"currentColor\" d=\"M17 8h2a2 2 0 0 1 2 2v9a2 2 0 0 1-2 2H5a2 2 0 0 1-2-2v-9a2 2 0 0 1 2-2h2v2H5v9h14v-9h-2zM6.5 5.5l1.414 1.414L11 3.828V14h2V3.828l3.086 3.086L17.5 5.5L12 0z\"/>"
		},
		"shipping": {
			"body": "<path fill=\"currentColor\" d=\"M18 8h-2V7a2 2 0 0 0-2-2H4a2 2 0 0 0-2 2v10h2a3 3 0 1 0 6 0h4a3 3 0 1 0 6 0h2v-5zM7 18.5a1.5 1.5 0 1 1 .001-3.001A1.5 1.5 0 0 1 7 18.5M4 14V7h10v7zm13 4.5a1.5 1.5 0 1 1 .001-3.001A1.5 1.5 0 0 1 17 18.5\"/>"
		},
		"shutter": {
			"body": "<path fill=\"currentColor\" d=\"M18.9 4.8s-.7 5.6-3.5 10.2c1.7-.3 3.9-.9 6.6-2c0 0 .7-4.6-3.1-8.2m-6 2.8c-1.1-1.3-2.7-3-5-4.7C5.1 4.2 3 6.6 2.3 9.6C7 7.7 11 7.5 12.9 7.6m3.4 2.9c.6-1.6 1.2-3.9 1.6-6.7c-4.1-3-8.6-1.5-8.6-1.5s4.4 3.4 7 8.2m-5.2 6c1.1 1.3 2.7 3 5 4.7c0 0 4.3-1.6 5.6-6.7c0-.1-5.3 2.1-10.6 2m-3.4-3.1c-.6 1.6-1.2 3.8-1.5 6.7c0 0 3.6 2.9 8.6 1.5c0 0-4.6-3.4-7.1-8.2M2 11.1s-.7 4.5 3.1 8.2c0 0 .7-5.7 3.5-10.3c-1.7.3-4 .9-6.6 2.1\"/>"
		},
		"sign-out": {
			"body": "<path fill=\"currentColor\" d=\"M16 17v2a2 2 0 0 1-2 2H5a2 2 0 0 1-2-2V5a2 2 0 0 1 2-2h9a2 2 0 0 1 2 2v2h-2V5H5v14h9v-2zm2.5-10.5l-1.414 1.414L20.172 11H10v2h10.172l-3.086 3.086L18.5 17.5L24 12z\"/>"
		},
		"site": {
			"body": "<path fill=\"currentColor\" d=\"M18 4H6a2 2 0 0 0-2 2v12a2 2 0 0 0 2 2h12a2 2 0 0 0 2-2V6a2 2 0 0 0-2-2m-5 14H6v-7h7zm5 0h-3v-7h3zm0-9H6V6h12z\"/>"
		},
		"spam": {
			"body": "<path fill=\"currentColor\" d=\"M17 2H7L2 7v10l5 5h10l5-5V7zm-4 15h-2v-2h2zm0-4h-2l-.5-6h3z\"/>"
		},
		"speaker": {
			"body": "<path fill=\"currentColor\" d=\"M19 8v6c1.7 0 3-1.3 3-3s-1.3-3-3-3m-8-1H4c-1.1 0-2 .9-2 2v4c0 1.1.9 2 2 2h1v3c0 1.1.9 2 2 2h2v-5h2l4 4h2V3h-2z\"/>"
		},
		"special-character": {
			"body": "<path fill=\"currentColor\" d=\"M12.005 7.418q-1.856 0-2.861 1.128C8.139 9.674 8.14 10.358 8.14 11.725q0 2.082.677 3.378t2.051 2.036V20H5v-2.666h3.119a6.43 6.43 0 0 1-2.404-2.6q-.846-1.645-.846-3.676q0-1.886.876-3.317q.877-1.43 2.497-2.199c1.62-.769 2.334-.769 3.763-.769q3.271 0 5.204 1.712c1.933 1.712 1.933 2.673 1.933 4.594q0 2.03-.852 3.65a6.66 6.66 0 0 1-2.44 2.604H19V20h-5.908v-2.861q1.425-.738 2.102-2.061c.677-1.323.677-2.006.677-3.374q0-2.04-1.01-3.164q-1.01-1.121-2.856-1.122\"/>"
		},
		"star": {
			"body": "<path fill=\"currentColor\" d=\"m12 2l2.582 6.953L22 9.257l-5.822 4.602L18.18 21L12 16.891L5.82 21l2.002-7.141L2 9.257l7.418-.304z\"/>"
		},
		"star-outline": {
			"body": "<path fill=\"currentColor\" d=\"m12 6.308l1.176 3.167l.347.936l.997.041l3.374.139l-2.647 2.092l-.784.62l.27.962l.911 3.249l-2.814-1.871l-.83-.553l-.83.552l-2.814 1.871l.911-3.249l.27-.962l-.784-.62l-2.648-2.092l3.374-.139l.997-.041l.347-.936zM12 2L9.418 8.953L2 9.257l5.822 4.602L5.82 21L12 16.891L18.18 21l-2.002-7.141L22 9.257l-7.418-.305z\"/>"
		},
		"stats": {
			"body": "<path fill=\"currentColor\" d=\"M19 3H5a2 2 0 0 0-2 2v14a2 2 0 0 0 2 2h14a2 2 0 0 0 2-2V5a2 2 0 0 0-2-2m0 16H5V5h14zM9 17H7v-5h2zm4 0h-2V7h2zm4 0h-2v-7h2z\"/>"
		},
		"stats-alt": {
			"body": "<path fill=\"currentColor\" d=\"M21 21H3v-2h18zM8 10H4v7h4zm6-7h-4v14h4zm6 3h-4v11h4z\"/>"
		},
		"stats-alt-2": {
			"body": "<path fill=\"currentColor\" d=\"M8.143 15.857H5.57V9.43h2.572v6.428zm5.143 0h-2.572V3h2.572zm5.142 0h-2.571v-9h2.571z\"/><path fill=\"currentColor\" fill-rule=\"evenodd\" d=\"M21 20.714H3v-2h18z\" clip-rule=\"evenodd\"/>"
		},
		"stats-down": {
			"body": "<path fill=\"currentColor\" d=\"M19 3H5a2 2 0 0 0-2 2v14a2 2 0 0 0 2 2h14a2 2 0 0 0 2-2V5a2 2 0 0 0-2-2m0 16H5V5h14zM9 17H7V7h2zm4 0h-2v-7h2zm4 0h-2v-5h2z\"/>"
		},
		"stats-down-alt": {
			"body": "<path fill=\"currentColor\" d=\"M21 21H3v-2h18zM8 3H4v14h4zm6 3h-4v11h4zm6 4h-4v7h4z\"/>"
		},
		"stats-up": {
			"body": "<path fill=\"currentColor\" d=\"M19 3H5a2 2 0 0 0-2 2v14a2 2 0 0 0 2 2h14a2 2 0 0 0 2-2V5a2 2 0 0 0-2-2m0 16H5V5h14zM9 17H7v-5h2zm4 0h-2v-7h2zm4 0h-2V7h2z\"/>"
		},
		"stats-up-alt": {
			"body": "<path fill=\"currentColor\" d=\"M21 21H3v-2h18zM8 10H4v7h4zm6-4h-4v11h4zm6-3h-4v14h4z\"/>"
		},
		"status": {
			"body": "<path fill=\"currentColor\" d=\"M12 4c4.411 0 8 3.589 8 8s-3.589 8-8 8s-8-3.589-8-8s3.589-8 8-8m0-2C6.477 2 2 6.477 2 12s4.477 10 10 10s10-4.477 10-10S17.523 2 12 2M7.55 13c-.019.166-.05.329-.05.5a4.5 4.5 0 0 0 9 0c0-.171-.032-.334-.05-.5zM10 10V8a1 1 0 0 0-2 0v2a1 1 0 0 0 2 0m6 0V8a1 1 0 0 0-2 0v2a1 1 0 0 0 2 0\"/>"
		},
		"story": {
			"body": "<path fill=\"currentColor\" d=\"M17 5a2 2 0 0 1 2 2v13a2 2 0 0 1-2 2h-7a2 2 0 0 1-2-2h9z\"/><path fill=\"currentColor\" d=\"M13 4H5a2 2 0 0 1 2-2h6a2 2 0 0 1 2 2v12a2 2 0 0 1-2 2z\"/><path fill=\"currentColor\" d=\"M7 16h8a2 2 0 0 1-2 2H7a2 2 0 0 1-2-2V4a2 2 0 0 1 2-2z\"/>"
		},
		"strikethrough": {
			"body": "<path fill=\"currentColor\" d=\"M14.348 12H21v2h-4.613c.239.515.368 1.094.368 1.748q0 1.976-1.423 3.114Q13.912 20 11.376 20q-2.335 0-4.132-.878v-2.874q1.477.659 2.5.928q1.023.27 1.872.27q1.019 0 1.562-.39q.545-.388.545-1.158q0-.428-.24-.763a2.7 2.7 0 0 0-.704-.643c-.18-.12-.482-.287-.88-.491H3v-2h11.348zm-3.528-2a1.6 1.6 0 0 1-.193-.235a1.3 1.3 0 0 1-.189-.713q0-.658.469-1.068q.47-.41 1.348-.409q.738 0 1.502.19q.764.189 1.931.669l.998-2.405a15 15 0 0 0-2.16-.758A8.5 8.5 0 0 0 12.354 5q-2.316 0-3.628 1.108q-1.311 1.107-1.312 3.044c0 .302.036.58.088.848z\"/>"
		},
		"sync": {
			"body": "<path fill=\"currentColor\" d=\"m23.5 13.5l-3.086 3.086L19 18l-4.5-4.5l1.414-1.414L18 14.172V12c0-3.308-2.692-6-6-6V4a8 8 0 0 1 8 8v2.172l2.086-2.086zM6 12V9.828l2.086 2.086L9.5 10.5L5 6L3.586 7.414L.5 10.5l1.414 1.414L4 9.828V12a8 8 0 0 0 8 8v-2c-3.308 0-6-2.692-6-6\"/>"
		},
		"tablet": {
			"body": "<path fill=\"currentColor\" d=\"M18 2H6a2 2 0 0 0-2 2v16a2 2 0 0 0 2 2h12a2 2 0 0 0 2-2V4a2 2 0 0 0-2-2m-5 19h-2v-1h2zm5-2H6V5h12z\"/>"
		},
		"tag": {
			"body": "<path fill=\"currentColor\" d=\"M20 2.007h-7.087a2 2 0 0 0-1.414.586l-8.906 8.906a2 2 0 0 0 0 2.828l7.086 7.086a2 2 0 0 0 2.828 0l8.906-8.906c.376-.374.587-.883.587-1.413V4.007a2 2 0 0 0-2-2M17.007 9a2 2 0 1 1-.001-3.999A2 2 0 0 1 17.007 9\"/>"
		},
		"text-color": {
			"body": "<path fill=\"currentColor\" d=\"M3 19h18v3H3zm12.82-2h3.424L14 3h-4L4.756 17h3.425l1.066-3.5h5.506zm-1.952-6h-3.73l1.868-5.725z\"/>"
		},
		"themes": {
			"body": "<path fill=\"currentColor\" d=\"M4 6a2 2 0 0 0-2 2v12c0 1.1.9 2 2 2h12a2 2 0 0 0 2-2H4zm16-4H8a2 2 0 0 0-2 2v12a2 2 0 0 0 2 2h12a2 2 0 0 0 2-2V4a2 2 0 0 0-2-2m-5 14H8V9h7zm5 0h-3V9h3zm0-9H8V4h12z\"/>"
		},
		"thumbs-up": {
			"body": "<path fill=\"currentColor\" d=\"M6.7 22H2v-9h2zM19.999 9H14V5a3 3 0 0 0-3-3h-1v4L7.1 9.625A5.02 5.02 0 0 0 6 12.76V14l2.1 7h8.337a4 4 0 0 0 3.881-3.03l1.621-6.485A2 2 0 0 0 19.999 9\"/>"
		},
		"time": {
			"body": "<path fill=\"currentColor\" d=\"M12 4c4.411 0 8 3.589 8 8s-3.589 8-8 8s-8-3.589-8-8s3.589-8 8-8m0-2C6.477 2 2 6.477 2 12s4.477 10 10 10s10-4.477 10-10S17.523 2 12 2m3.8 13.4L13 11.667V7h-2v5.333l3.2 4.266z\"/>"
		},
		"trash": {
			"body": "<path fill=\"currentColor\" d=\"M6.187 8h11.625l-.695 11.125A2 2 0 0 1 15.121 21H8.879a2 2 0 0 1-1.996-1.875zM19 5v2H5V5h3V4a2 2 0 0 1 2-2h4a2 2 0 0 1 2 2v1zm-9 0h4V4h-4z\"/>"
		},
		"trending": {
			"body": "<path fill=\"currentColor\" d=\"m16 6l2.29 2.29l-4.88 4.88l-4-4L2 16.59L3.41 18l6-6l4 4l6.3-6.29L22 12V6z\"/>"
		},
		"trophy": {
			"body": "<path fill=\"currentColor\" d=\"M18 5.062V3H6v2.062H2V8c0 2.525 1.889 4.598 4.324 4.932A6 6 0 0 0 11 16.91V18a2 2 0 0 1-2 2H8v2h8v-2h-1a2 2 0 0 1-2-2v-1.09a6 6 0 0 0 4.676-3.978C20.111 12.598 22 10.525 22 8V5.062zM4 8v-.938h2v3.766A3 3 0 0 1 4 8m16 0a3.01 3.01 0 0 1-2 2.829V7.062h2z\"/>"
		},
		"types": {
			"body": "<path fill=\"currentColor\" d=\"M22 17a5 5 0 1 1-10.001-.001A5 5 0 0 1 22 17M6.5 6.5h3.8L7 1L1 11h5.5zm9.5 4.085V8H8v8h2.585A6.505 6.505 0 0 1 16 10.585\"/>"
		},
		"underline": {
			"body": "<path fill=\"currentColor\" d=\"M4 19v2h16v-2zM18 3v8a6 6 0 1 1-12 0V3h3v8c0 1.654 1.346 3 3 3s3-1.346 3-3V3z\"/>"
		},
		"undo": {
			"body": "<path fill=\"currentColor\" d=\"M18.142 5.929c-1.172-1.172-2.707-1.757-4.243-1.757s-3.071.586-4.243 1.757L6 9.586V6H4v7h7v-2H7.414l3.657-3.657a3.98 3.98 0 0 1 2.828-1.172c1.068 0 2.073.416 2.828 1.172a4.004 4.004 0 0 1 0 5.657l-5.364 5.364l1.414 1.414l5.364-5.364a6 6 0 0 0 .001-8.485\"/>"
		},
		"user": {
			"body": "<path fill=\"currentColor\" d=\"M12 4a4 4 0 1 1 0 8a4 4 0 0 1 0-8m0 16s8 0 8-2c0-2.4-3.9-5-8-5s-8 2.6-8 5c0 2 8 2 8 2\"/>"
		},
		"user-add": {
			"body": "<circle cx=\"15\" cy=\"8\" r=\"4\" fill=\"currentColor\"/><path fill=\"currentColor\" d=\"M15 20s8 0 8-2c0-2.4-3.9-5-8-5s-8 2.6-8 5c0 2 8 2 8 2M6 10V7H4v3H1v2h3v3h2v-3h3v-2z\"/>"
		},
		"user-circle": {
			"body": "<path fill=\"currentColor\" d=\"M12 2C6.477 2 2 6.477 2 12s4.477 10 10 10s10-4.477 10-10S17.523 2 12 2m0 18.5a8.5 8.5 0 1 1 .001-17.001A8.5 8.5 0 0 1 12 20.5m0-8c-3.038 0-5.5 1.728-5.5 3.5s2.462 3.5 5.5 3.5s5.5-1.728 5.5-3.5s-2.462-3.5-5.5-3.5m0-.5a3 3 0 1 0 0-6a3 3 0 0 0 0 6\"/>"
		},
		"video": {
			"body": "<path fill=\"currentColor\" d=\"M8.001 4h8v1.997h2V4A2 2 0 0 1 20 6v12a2 2 0 0 1-1.999 2v-2.003h-2V20h-8v-2.003h-2V20H6a2 2 0 0 1-2-2V6a2 2 0 0 1 2-2h.001v1.997h2zM10 15l4.5-3L10 9zm8.001.997v-3h-2v3zm0-5v-3h-2v3zm-10 5v-3h-2v3zm0-5v-3h-2v3z\"/>"
		},
		"video-camera": {
			"body": "<path fill=\"currentColor\" d=\"M17 9V7a2 2 0 0 0-2-2H4a2 2 0 0 0-2 2v10a2 2 0 0 0 2 2h11a2 2 0 0 0 2-2v-2l5 4V5z\"/>"
		},
		"video-remove": {
			"body": "<path fill=\"currentColor\" d=\"m19.42 4.59l1.167-1.167l1.414 1.414L20 6.84V18a2 2 0 0 1-2 2v-2h-2v2H6.839l-2.006 2.006l-1.414-1.414L4.59 19.42l-.01-.01L8 16L18 6l1.41-1.42zM15.84 11H18V8.839zM16 8.01l.01-.01H16zM6 15.17l-2 2V6a2 2 0 0 1 2-2v2h2V4h9.17l-9 9H6zM6 8v3h2V8zm12 8v-3h-2v3z\"/>"
		},
		"visible": {
			"body": "<path fill=\"currentColor\" d=\"M12 6C5.188 6 1 12 1 12s4.188 6 11 6s11-6 11-6s-4.188-6-11-6m0 10c-3.943 0-6.926-2.484-8.379-4c1.04-1.085 2.862-2.657 5.254-3.469A3.96 3.96 0 0 0 8 11a4 4 0 0 0 8 0a3.96 3.96 0 0 0-.875-2.469c2.393.812 4.216 2.385 5.254 3.469c-1.455 1.518-4.437 4-8.379 4\"/>"
		},
		"zoom-in": {
			"body": "<path fill=\"currentColor\" d=\"M15.8 13.8c.7-1.1 1.2-2.4 1.2-3.8c0-3.9-3.1-7-7-7s-7 3.1-7 7s3.1 7 7 7c1.4 0 2.7-.4 3.8-1.2L19 21l2-2zM10 15c-2.8 0-5-2.2-5-5s2.2-5 5-5s5 2.2 5 5s-2.2 5-5 5\"/><path fill=\"currentColor\" d=\"M11 7H9v2H7v2h2v2h2v-2h2V9h-2z\"/>"
		},
		"zoom-out": {
			"body": "<path fill=\"currentColor\" d=\"M3 10c0 3.9 3.1 7 7 7c1.4 0 2.7-.5 3.8-1.2L19 21l2-2l-5.2-5.2c.8-1.1 1.2-2.4 1.2-3.8c0-3.9-3.1-7-7-7s-7 3.1-7 7m2 0c0-2.8 2.2-5 5-5s5 2.2 5 5s-2.2 5-5 5s-5-2.2-5-5\"/><path fill=\"currentColor\" d=\"M7 9h6v2H7z\"/>"
		}
	},
	"width": 24,
	"height": 24
}