{
	"prefix": "meteor-icons",
	"info": {
		"name": "Meteor Icons",
		"total": 321,
		"author": {
			"name": "zkreations",
			"url": "https://github.com/zkreations/icons"
		},
		"license": {
			"title": "MIT",
			"spdx": "MIT",
			"url": "https://github.com/zkreations/icons/blob/main/LICENSE"
		},
		"samples": [
			"droplet",
			"bolt",
			"flipboard",
			"filter",
			"chevron-down",
			"xmark"
		],
		"height": 24,
		"category": "UI 24px",
		"tags": [
			"Precise Shapes",
			"Has Padding",
			"Uses Stroke"
		],
		"palette": false
	},
	"lastModified": 1731135235,
	"icons": {
		"adobe": {
			"body": "<path fill=\"none\" stroke=\"currentColor\" stroke-linecap=\"round\" stroke-linejoin=\"round\" stroke-width=\"2\" d=\"M2 18a2 2 0 0 0 1.7 3h9.7l-2.7-4.5h-2L12 11l6 10h2.3a2 2 0 0 0 1.7-3L13.8 4a2 2 0 0 0-3.6 0Z\"/>"
		},
		"airplay": {
			"body": "<path fill=\"none\" stroke=\"currentColor\" stroke-linecap=\"round\" stroke-linejoin=\"round\" stroke-width=\"2\" d=\"m12 14l5 6H7Zm-7 3H4a2 2 0 0 1-2-2V5a2 2 0 0 1 2-2h16a2 2 0 0 1 2 2v10a2 2 0 0 1-2 2h-1\"/>"
		},
		"alarm-clock": {
			"body": "<g fill=\"none\" stroke=\"currentColor\" stroke-linecap=\"round\" stroke-linejoin=\"round\" stroke-width=\"2\"><circle cx=\"12\" cy=\"12\" r=\"10\"/><path d=\"M12 7v5l3 3M1 4l3-3m16 0l3 3\"/></g>"
		},
		"alarm-exclamation": {
			"body": "<g fill=\"none\" stroke=\"currentColor\" stroke-linecap=\"round\" stroke-linejoin=\"round\" stroke-width=\"2\"><circle cx=\"12\" cy=\"12\" r=\"10\"/><path d=\"m1 4l3-3m16 0l3 3M12 8v4m0 4\"/></g>"
		},
		"alarm-minus": {
			"body": "<g fill=\"none\" stroke=\"currentColor\" stroke-linecap=\"round\" stroke-linejoin=\"round\" stroke-width=\"2\"><circle cx=\"12\" cy=\"12\" r=\"10\"/><path d=\"m1 4l3-3m16 0l3 3M9 12h6\"/></g>"
		},
		"alarm-plus": {
			"body": "<g fill=\"none\" stroke=\"currentColor\" stroke-linecap=\"round\" stroke-linejoin=\"round\" stroke-width=\"2\"><circle cx=\"12\" cy=\"12\" r=\"10\"/><path d=\"m1 4l3-3m16 0l3 3M9 12h6m-3-3v6\"/></g>"
		},
		"alarm-snooze": {
			"body": "<g fill=\"none\" stroke=\"currentColor\" stroke-linecap=\"round\" stroke-linejoin=\"round\" stroke-width=\"2\"><circle cx=\"12\" cy=\"12\" r=\"10\"/><path d=\"m1 4l3-3m16 0l3 3M9 9h6l-6 6h6\"/></g>"
		},
		"album": {
			"body": "<g fill=\"none\" stroke=\"currentColor\" stroke-linecap=\"round\" stroke-linejoin=\"round\" stroke-width=\"2\"><rect width=\"20\" height=\"20\" x=\"2\" y=\"2\" rx=\"3\"/><circle cx=\"12\" cy=\"12\" r=\"6\"/></g>"
		},
		"algolia": {
			"body": "<path fill=\"none\" stroke=\"currentColor\" stroke-linecap=\"round\" stroke-linejoin=\"round\" stroke-width=\"2\" d=\"M16.1 11A4.25 4.25 0 0 0 9 9a4 4 0 0 0 6 6l6 6V2h-9a1 1 0 0 0 0 20q2 0 3-.5\"/>"
		},
		"alien": {
			"body": "<path fill=\"none\" stroke=\"currentColor\" stroke-linecap=\"round\" stroke-linejoin=\"round\" stroke-width=\"2\" d=\"M20 14C24-2 0-2 4 14q2 6 8 8q6-2 8-8M8 11l2 2m6-2l-2 2\"/>"
		},
		"align-center": {
			"body": "<path fill=\"none\" stroke=\"currentColor\" stroke-linecap=\"round\" stroke-linejoin=\"round\" stroke-width=\"2\" d=\"M8 6h8M3 12h18M8 18h8\"/>"
		},
		"align-left": {
			"body": "<path fill=\"none\" stroke=\"currentColor\" stroke-linecap=\"round\" stroke-linejoin=\"round\" stroke-width=\"2\" d=\"M3 6h9m-9 6h18M3 18h9\"/>"
		},
		"align-right": {
			"body": "<path fill=\"none\" stroke=\"currentColor\" stroke-linecap=\"round\" stroke-linejoin=\"round\" stroke-width=\"2\" d=\"M12 6h9M3 12h18m-9 6h9\"/>"
		},
		"amazon": {
			"body": "<path fill=\"none\" stroke=\"currentColor\" stroke-linecap=\"round\" stroke-linejoin=\"round\" stroke-width=\"2\" d=\"M17 9q8-2 3 7M2 11q8 5 16 1.5\"/>"
		},
		"anchor": {
			"body": "<g fill=\"none\" stroke=\"currentColor\" stroke-linecap=\"round\" stroke-linejoin=\"round\" stroke-width=\"2\"><circle cx=\"12\" cy=\"5\" r=\"3\"/><path d=\"M12 22V8m-9 5v4a5 5 0 0 0 5 5h8a5 5 0 0 0 5-5v-4M1 15l2-2l2 2m14 0l2-2l2 2\"/></g>"
		},
		"android": {
			"body": "<path fill=\"none\" stroke=\"currentColor\" stroke-linecap=\"round\" stroke-linejoin=\"round\" stroke-width=\"2\" d=\"M23 19a1 1 0 0 0-22 0ZM6.5 9.5L4 5m13.5 4.5L20 5m-3 9.5\"/>"
		},
		"angle-down": {
			"body": "<path fill=\"none\" stroke=\"currentColor\" stroke-linecap=\"round\" stroke-linejoin=\"round\" stroke-width=\"2\" d=\"m6 9l6 6l6-6\"/>"
		},
		"angle-left": {
			"body": "<path fill=\"none\" stroke=\"currentColor\" stroke-linecap=\"round\" stroke-linejoin=\"round\" stroke-width=\"2\" d=\"m15 18l-6-6l6-6\"/>"
		},
		"angle-right": {
			"body": "<path fill=\"none\" stroke=\"currentColor\" stroke-linecap=\"round\" stroke-linejoin=\"round\" stroke-width=\"2\" d=\"m9 18l6-6l-6-6\"/>"
		},
		"angle-up": {
			"body": "<path fill=\"none\" stroke=\"currentColor\" stroke-linecap=\"round\" stroke-linejoin=\"round\" stroke-width=\"2\" d=\"m6 15l6-6l6 6\"/>"
		},
		"angles-down": {
			"body": "<path fill=\"none\" stroke=\"currentColor\" stroke-linecap=\"round\" stroke-linejoin=\"round\" stroke-width=\"2\" d=\"m6 13l6 6l6-6M6 5l6 6l6-6\"/>"
		},
		"angles-left": {
			"body": "<path fill=\"none\" stroke=\"currentColor\" stroke-linecap=\"round\" stroke-linejoin=\"round\" stroke-width=\"2\" d=\"m11 18l-6-6l6-6m8 12l-6-6l6-6\"/>"
		},
		"angles-right": {
			"body": "<path fill=\"none\" stroke=\"currentColor\" stroke-linecap=\"round\" stroke-linejoin=\"round\" stroke-width=\"2\" d=\"m5 18l6-6l-6-6m8 12l6-6l-6-6\"/>"
		},
		"angles-up": {
			"body": "<path fill=\"none\" stroke=\"currentColor\" stroke-linecap=\"round\" stroke-linejoin=\"round\" stroke-width=\"2\" d=\"m6 19l6-6l6 6M6 11l6-6l6 6\"/>"
		},
		"app-gallery": {
			"body": "<g fill=\"none\" stroke=\"currentColor\" stroke-linecap=\"round\" stroke-linejoin=\"round\" stroke-width=\"2\"><rect width=\"20\" height=\"20\" x=\"2\" y=\"2\" rx=\"6\"/><path d=\"M8 7a1 1 0 0 0 8 0\"/></g>"
		},
		"app-store": {
			"body": "<g fill=\"none\" stroke=\"currentColor\" stroke-linecap=\"round\" stroke-linejoin=\"round\" stroke-width=\"2\"><circle cx=\"12\" cy=\"12\" r=\"11\"/><path d=\"M5.5 14h7m.8-8.5L8.6 14M7 17l.3-.5m6.2-5.9L17 17m-1.6-3h3.1m-7.8-8.5L12 7.8\"/></g>"
		},
		"apple": {
			"body": "<path fill=\"none\" stroke=\"currentColor\" stroke-linecap=\"round\" stroke-linejoin=\"round\" stroke-width=\"2\" d=\"M12 3q2 0 2-2q-2 0-2 2M8 6C0 6 3 22 8 22q2 0 3-.5t2 0t3 .5q3 0 4.5-6a1 1 0 0 1-.5-7.5Q19 6 16 6q-1 0-2.5.5t-3 0T8 6\"/>"
		},
		"arrow-down": {
			"body": "<path fill=\"none\" stroke=\"currentColor\" stroke-linecap=\"round\" stroke-linejoin=\"round\" stroke-width=\"2\" d=\"M12 5v14m7-7l-7 7l-7-7\"/>"
		},
		"arrow-down-left": {
			"body": "<path fill=\"none\" stroke=\"currentColor\" stroke-linecap=\"round\" stroke-linejoin=\"round\" stroke-width=\"2\" d=\"M17 7L7 17m10 0H7V7\"/>"
		},
		"arrow-down-long": {
			"body": "<path fill=\"none\" stroke=\"currentColor\" stroke-linecap=\"round\" stroke-linejoin=\"round\" stroke-width=\"2\" d=\"m9 18l3 3l3-3M12 3v18\"/>"
		},
		"arrow-down-right": {
			"body": "<path fill=\"none\" stroke=\"currentColor\" stroke-linecap=\"round\" stroke-linejoin=\"round\" stroke-width=\"2\" d=\"m7 7l10 10m0-10v10H7\"/>"
		},
		"arrow-left": {
			"body": "<path fill=\"none\" stroke=\"currentColor\" stroke-linecap=\"round\" stroke-linejoin=\"round\" stroke-width=\"2\" d=\"M5 12h14m-7-7l-7 7l7 7\"/>"
		},
		"arrow-left-long": {
			"body": "<path fill=\"none\" stroke=\"currentColor\" stroke-linecap=\"round\" stroke-linejoin=\"round\" stroke-width=\"2\" d=\"m6 9l-3 3l3 3m15-3H3\"/>"
		},
		"arrow-right": {
			"body": "<path fill=\"none\" stroke=\"currentColor\" stroke-linecap=\"round\" stroke-linejoin=\"round\" stroke-width=\"2\" d=\"M5 12h14m-7-7l7 7l-7 7\"/>"
		},
		"arrow-right-long": {
			"body": "<path fill=\"none\" stroke=\"currentColor\" stroke-linecap=\"round\" stroke-linejoin=\"round\" stroke-width=\"2\" d=\"m18 9l3 3l-3 3M3 12h18\"/>"
		},
		"arrow-rotate": {
			"body": "<path fill=\"none\" stroke=\"currentColor\" stroke-linecap=\"round\" stroke-linejoin=\"round\" stroke-width=\"2\" d=\"M20 18a10 10 0 1 1 1.17-10M22 4v4h-4\"/>"
		},
		"arrow-trend-down": {
			"body": "<path fill=\"none\" stroke=\"currentColor\" stroke-linecap=\"round\" stroke-linejoin=\"round\" stroke-width=\"2\" d=\"M23 18L13 8l-5 5l-7-7m15 12h7v-7\"/>"
		},
		"arrow-trend-up": {
			"body": "<path fill=\"none\" stroke=\"currentColor\" stroke-linecap=\"round\" stroke-linejoin=\"round\" stroke-width=\"2\" d=\"M23 6L13 16l-5-5l-7 7M16 6h7v7\"/>"
		},
		"arrow-up": {
			"body": "<path fill=\"none\" stroke=\"currentColor\" stroke-linecap=\"round\" stroke-linejoin=\"round\" stroke-width=\"2\" d=\"M12 5v14m7-7l-7-7l-7 7\"/>"
		},
		"arrow-up-left": {
			"body": "<path fill=\"none\" stroke=\"currentColor\" stroke-linecap=\"round\" stroke-linejoin=\"round\" stroke-width=\"2\" d=\"M17 17L7 7m0 10V7h10\"/>"
		},
		"arrow-up-long": {
			"body": "<path fill=\"none\" stroke=\"currentColor\" stroke-linecap=\"round\" stroke-linejoin=\"round\" stroke-width=\"2\" d=\"m9 6l3-3l3 3m-3 15V3\"/>"
		},
		"arrow-up-right": {
			"body": "<path fill=\"none\" stroke=\"currentColor\" stroke-linecap=\"round\" stroke-linejoin=\"round\" stroke-width=\"2\" d=\"M7 17L17 7M7 7h10v10\"/>"
		},
		"arrows-rotate": {
			"body": "<path fill=\"none\" stroke=\"currentColor\" stroke-linecap=\"round\" stroke-linejoin=\"round\" stroke-width=\"2\" d=\"M21.5 9a10 10 0 0 0-19 0M2 5v4h4m12 6h4v4M2.5 15a10 10 0 0 0 19 0\"/>"
		},
		"at": {
			"body": "<g fill=\"none\" stroke=\"currentColor\" stroke-linecap=\"round\" stroke-linejoin=\"round\" stroke-width=\"2\"><circle cx=\"12\" cy=\"12\" r=\"4\"/><path d=\"M16 12v1a1 1 0 0 0 6 0v-1a10 10 0 1 0-4 8\"/></g>"
		},
		"atom": {
			"body": "<g fill=\"none\" stroke=\"currentColor\" stroke-linecap=\"round\" stroke-linejoin=\"round\" stroke-width=\"2\"><circle cx=\"12\" cy=\"12\" r=\"2\"/><path d=\"M8 16C-4 4 4-4 16 8s4 20-8 8m8 0C4 28-4 20 8 8s20-4 8 8\"/></g>"
		},
		"backward": {
			"body": "<path fill=\"none\" stroke=\"currentColor\" stroke-linecap=\"round\" stroke-linejoin=\"round\" stroke-width=\"2\" d=\"M22 5v14l-9-7ZM11 5v14l-9-7Z\"/>"
		},
		"backward-step": {
			"body": "<path fill=\"none\" stroke=\"currentColor\" stroke-linecap=\"round\" stroke-linejoin=\"round\" stroke-width=\"2\" d=\"M6 5v14M18 4v16L8 12Z\"/>"
		},
		"badge-check": {
			"body": "<path fill=\"none\" stroke=\"currentColor\" stroke-linecap=\"round\" stroke-linejoin=\"round\" stroke-width=\"2\" d=\"m8.5 12.5l2 2l5-5m4.3 5.7a1 1 0 0 0 0-6.4a1 1 0 0 0-4.6-4.6a1 1 0 0 0-6.4 0a1 1 0 0 0-4.6 4.6a1 1 0 0 0 0 6.4a1 1 0 0 0 4.6 4.6a1 1 0 0 0 6.4 0a1 1 0 0 0 4.6-4.6\"/>"
		},
		"bag-shopping": {
			"body": "<path fill=\"none\" stroke=\"currentColor\" stroke-linecap=\"round\" stroke-linejoin=\"round\" stroke-width=\"2\" d=\"M3 7v11a4 4 0 0 0 4 4h10a4 4 0 0 0 4-4V7Zm13 3V6a4 4 0 0 0-8 0v4\"/>"
		},
		"bars": {
			"body": "<path fill=\"none\" stroke=\"currentColor\" stroke-linecap=\"round\" stroke-linejoin=\"round\" stroke-width=\"2\" d=\"M3 6h18M3 12h18M3 18h18\"/>"
		},
		"bars-filter": {
			"body": "<path fill=\"none\" stroke=\"currentColor\" stroke-linecap=\"round\" stroke-linejoin=\"round\" stroke-width=\"2\" d=\"M3 6h18M6 12h12m-9 6h6\"/>"
		},
		"bars-sort": {
			"body": "<path fill=\"none\" stroke=\"currentColor\" stroke-linecap=\"round\" stroke-linejoin=\"round\" stroke-width=\"2\" d=\"M3 6h18M3 12h12M3 18h6\"/>"
		},
		"bilibili": {
			"body": "<g fill=\"none\" stroke=\"currentColor\" stroke-linecap=\"round\" stroke-linejoin=\"round\" stroke-width=\"2\"><rect width=\"20\" height=\"16\" x=\"2\" y=\"5\" rx=\"4\"/><path d=\"m7 2l3 3m7-3l-3 3m-5 9v-2m6 0v2\"/></g>"
		},
		"binance": {
			"body": "<path fill=\"none\" stroke=\"currentColor\" stroke-linecap=\"round\" stroke-linejoin=\"round\" stroke-width=\"2\" d=\"m12 7l5 5l-5 5l-5-5Zm-9 3l-2 2l2 2m18-4l2 2l-2 2M6 7l6-6l6 6m0 10l-6 6l-6-6\"/>"
		},
		"blogger": {
			"body": "<path fill=\"none\" stroke=\"currentColor\" stroke-linecap=\"round\" stroke-linejoin=\"round\" stroke-width=\"2\" d=\"M8 15h8M8 9h4m7 0q-1 0-1-1a6 6 0 0 0-6-6H8a6 6 0 0 0-6 6v8a6 6 0 0 0 6 6h8a6 6 0 0 0 6-6v-5a2 2 0 0 0-2-2Z\"/>"
		},
		"bluesky": {
			"body": "<path fill=\"none\" stroke=\"currentColor\" stroke-linecap=\"round\" stroke-linejoin=\"round\" stroke-width=\"2\" d=\"M12 10Q2-2 2 6t5 8q-5 3-1 6t6-3q2 6 6 3t-1-6q5 0 5-8t-10 4\"/>"
		},
		"bolt": {
			"body": "<path fill=\"none\" stroke=\"currentColor\" stroke-linecap=\"round\" stroke-linejoin=\"round\" stroke-width=\"2\" d=\"M13 2v8h7l-9 12v-8H4Z\"/>"
		},
		"book": {
			"body": "<path fill=\"none\" stroke=\"currentColor\" stroke-linecap=\"round\" stroke-linejoin=\"round\" stroke-width=\"2\" d=\"M20 22H7a3 3 0 0 1-3-3V5a3 3 0 0 1 3-3h13zM4 19a3 3 0 0 1 3-3h13\"/>"
		},
		"book-open": {
			"body": "<path fill=\"none\" stroke=\"currentColor\" stroke-linecap=\"round\" stroke-linejoin=\"round\" stroke-width=\"2\" d=\"M12 5q5-3 10 0v15q-5-3-10 0Zm0 15q-5-3-10 0V5q5-3 10 0Z\"/>"
		},
		"bookmark": {
			"body": "<path fill=\"none\" stroke=\"currentColor\" stroke-linecap=\"round\" stroke-linejoin=\"round\" stroke-width=\"2\" d=\"m12 17l-7 4V5a2 2 0 0 1 2-2h10a2 2 0 0 1 2 2v16Z\"/>"
		},
		"bookmark-alt": {
			"body": "<path fill=\"none\" stroke=\"currentColor\" stroke-linecap=\"round\" stroke-linejoin=\"round\" stroke-width=\"2\" d=\"M20 22H7a3 3 0 0 1-3-3V5a3 3 0 0 1 3-3h13zM4 19a3 3 0 0 1 3-3h13M10 2v10l3-2l3 2V2z\"/>"
		},
		"boolean": {
			"body": "<path fill=\"none\" stroke=\"currentColor\" stroke-linecap=\"round\" stroke-linejoin=\"round\" stroke-width=\"2\" d=\"M5 15H4a2 2 0 0 1-2-2V4a2 2 0 0 1 2-2h9a2 2 0 0 1 2 2v1m5 17a2 2 0 0 0 2-2m0-3.5v-2m0-3.5a2 2 0 0 0-2-2m-3.5 0h-2M11 9a2 2 0 0 0-2 2m0 3.5v2M9 20a2 2 0 0 0 2 2m3.5 0h2\"/>"
		},
		"box-archive": {
			"body": "<path fill=\"none\" stroke=\"currentColor\" stroke-linecap=\"round\" stroke-linejoin=\"round\" stroke-width=\"2\" d=\"M21 8v11a2 2 0 0 1-2 2H5a2 2 0 0 1-2-2V8M1 8V5a2 2 0 0 1 2-2h18a2 2 0 0 1 2 2v3Zm9 4h4\"/>"
		},
		"brackets": {
			"body": "<path fill=\"none\" stroke=\"currentColor\" stroke-linecap=\"round\" stroke-linejoin=\"round\" stroke-width=\"2\" d=\"M9 20H4V4h5m6 16h5V4h-5\"/>"
		},
		"brackets-angled": {
			"body": "<path fill=\"none\" stroke=\"currentColor\" stroke-linecap=\"round\" stroke-linejoin=\"round\" stroke-width=\"2\" d=\"m8 20l-5-8l5-8m8 16l5-8l-5-8\"/>"
		},
		"brackets-curly": {
			"body": "<path fill=\"none\" stroke=\"currentColor\" stroke-linecap=\"round\" stroke-linejoin=\"round\" stroke-width=\"2\" d=\"M9 20H7a3 3 0 0 1-3-3a4 5 0 0 0-3-5a4 5 0 0 0 3-5a3 3 0 0 1 3-3h2m6 16h2a3 3 0 0 0 3-3a4 5 0 0 1 3-5a4 5 0 0 1-3-5a3 3 0 0 0-3-3h-2\"/>"
		},
		"brackets-round": {
			"body": "<path fill=\"none\" stroke=\"currentColor\" stroke-linecap=\"round\" stroke-linejoin=\"round\" stroke-width=\"2\" d=\"M8 4a9 9 0 0 0 0 16m8 0a9 9 0 0 0 0-16\"/>"
		},
		"broom": {
			"body": "<path fill=\"none\" stroke=\"currentColor\" stroke-linecap=\"round\" stroke-linejoin=\"round\" stroke-width=\"2\" d=\"m23 1l-6 6M9 6q4-3 8 1t1 8l-6 8l-6-6l1-3l-3 1l-3-3Zm0 0l9 9\"/>"
		},
		"bullhorn": {
			"body": "<path fill=\"none\" stroke=\"currentColor\" stroke-linecap=\"round\" stroke-linejoin=\"round\" stroke-width=\"2\" d=\"M3 12a2 2 0 0 0 2 2h5q6 0 11 4V3q-5 4-11 4H5a2 2 0 0 0-2 2Zm7-5v12a2 2 0 0 1-4 0v-5\"/>"
		},
		"calendar": {
			"body": "<g fill=\"none\" stroke=\"currentColor\" stroke-linecap=\"round\" stroke-linejoin=\"round\" stroke-width=\"2\"><rect width=\"18\" height=\"17\" x=\"3\" y=\"5\" rx=\"2\"/><path d=\"M7 2v3m10-3v3M3 10h18\"/></g>"
		},
		"carrot": {
			"body": "<path fill=\"none\" stroke=\"currentColor\" stroke-linecap=\"round\" stroke-linejoin=\"round\" stroke-width=\"2\" d=\"M1 23q10-2 14-6a1 1 0 0 0-8-8q-4 4-6 14m3-9l2 2m9 1l-3-3m3-13a1 1 0 0 0 8 8q-4-4-8 0q4-4 0-8\"/>"
		},
		"cart-shopping": {
			"body": "<g fill=\"none\" stroke=\"currentColor\" stroke-linecap=\"round\" stroke-linejoin=\"round\" stroke-width=\"2\"><path d=\"M1 2h4l3 12.4a2 2 0 0 0 2 1.6h9a2 2 0 0 0 2-1.6L23 6H6\"/><circle cx=\"9\" cy=\"21\" r=\"1\"/><circle cx=\"20\" cy=\"21\" r=\"1\"/></g>"
		},
		"cassette-tape": {
			"body": "<g fill=\"none\" stroke=\"currentColor\" stroke-linecap=\"round\" stroke-linejoin=\"round\" stroke-width=\"2\"><rect width=\"22\" height=\"16\" x=\"1\" y=\"4\" rx=\"3\"/><circle cx=\"7\" cy=\"10\" r=\"1\"/><circle cx=\"17\" cy=\"10\" r=\"1\"/><path d=\"m5 20l3-4h8l3 4\"/></g>"
		},
		"chain": {
			"body": "<path fill=\"none\" stroke=\"currentColor\" stroke-linecap=\"round\" stroke-linejoin=\"round\" stroke-width=\"2\" d=\"M14 7h3a1 1 0 0 1 0 10h-3m-4 0H7A1 1 0 0 1 7 7h3m-2 5h8\"/>"
		},
		"check": {
			"body": "<path fill=\"none\" stroke=\"currentColor\" stroke-linecap=\"round\" stroke-linejoin=\"round\" stroke-width=\"2\" d=\"M20 7L10 17l-5-5\"/>"
		},
		"check-double": {
			"body": "<path fill=\"none\" stroke=\"currentColor\" stroke-linecap=\"round\" stroke-linejoin=\"round\" stroke-width=\"2\" d=\"m7 17l-5-5m5 0l5 5L22 7m-10 5l5-5\"/>"
		},
		"chevron-down": {
			"body": "<path fill=\"none\" stroke=\"currentColor\" stroke-linecap=\"round\" stroke-linejoin=\"round\" stroke-width=\"2\" d=\"m4 8l8 8l8-8\"/>"
		},
		"chevron-left": {
			"body": "<path fill=\"none\" stroke=\"currentColor\" stroke-linecap=\"round\" stroke-linejoin=\"round\" stroke-width=\"2\" d=\"m16 20l-8-8l8-8\"/>"
		},
		"chevron-right": {
			"body": "<path fill=\"none\" stroke=\"currentColor\" stroke-linecap=\"round\" stroke-linejoin=\"round\" stroke-width=\"2\" d=\"m8 20l8-8l-8-8\"/>"
		},
		"chevron-up": {
			"body": "<path fill=\"none\" stroke=\"currentColor\" stroke-linecap=\"round\" stroke-linejoin=\"round\" stroke-width=\"2\" d=\"m4 16l8-8l8 8\"/>"
		},
		"chevrons-down": {
			"body": "<path fill=\"none\" stroke=\"currentColor\" stroke-linecap=\"round\" stroke-linejoin=\"round\" stroke-width=\"2\" d=\"m4 3l8 8l8-8M4 13l8 8l8-8\"/>"
		},
		"chevrons-left": {
			"body": "<path fill=\"none\" stroke=\"currentColor\" stroke-linecap=\"round\" stroke-linejoin=\"round\" stroke-width=\"2\" d=\"m21 20l-8-8l8-8M11 20l-8-8l8-8\"/>"
		},
		"chevrons-right": {
			"body": "<path fill=\"none\" stroke=\"currentColor\" stroke-linecap=\"round\" stroke-linejoin=\"round\" stroke-width=\"2\" d=\"m3 20l8-8l-8-8m10 16l8-8l-8-8\"/>"
		},
		"chevrons-up": {
			"body": "<path fill=\"none\" stroke=\"currentColor\" stroke-linecap=\"round\" stroke-linejoin=\"round\" stroke-width=\"2\" d=\"m4 11l8-8l8 8M4 21l8-8l8 8\"/>"
		},
		"chrome": {
			"body": "<g fill=\"none\" stroke=\"currentColor\" stroke-linecap=\"round\" stroke-linejoin=\"round\" stroke-width=\"2\"><circle cx=\"12\" cy=\"12\" r=\"11\"/><circle cx=\"12\" cy=\"12\" r=\"4\"/><path d=\"m15.5 14l-5.2 8.8M8.5 14L3.4 5.2M12 8h10.2\"/></g>"
		},
		"circle": {
			"body": "<circle cx=\"12\" cy=\"12\" r=\"10\" fill=\"none\" stroke=\"currentColor\" stroke-linecap=\"round\" stroke-linejoin=\"round\" stroke-width=\"2\"/>"
		},
		"circle-check": {
			"body": "<g fill=\"none\" stroke=\"currentColor\" stroke-linecap=\"round\" stroke-linejoin=\"round\" stroke-width=\"2\"><circle cx=\"12\" cy=\"12\" r=\"10\"/><path d=\"m8.5 12.5l2 2l5-5\"/></g>"
		},
		"circle-exclamation": {
			"body": "<g fill=\"none\" stroke=\"currentColor\" stroke-linecap=\"round\" stroke-linejoin=\"round\" stroke-width=\"2\"><circle cx=\"12\" cy=\"12\" r=\"10\"/><path d=\"M12 8v4m0 4\"/></g>"
		},
		"circle-xmark": {
			"body": "<g fill=\"none\" stroke=\"currentColor\" stroke-linecap=\"round\" stroke-linejoin=\"round\" stroke-width=\"2\"><circle cx=\"12\" cy=\"12\" r=\"10\"/><path d=\"m9.5 9.5l5 5m0-5l-5 5\"/></g>"
		},
		"clock": {
			"body": "<g fill=\"none\" stroke=\"currentColor\" stroke-linecap=\"round\" stroke-linejoin=\"round\" stroke-width=\"2\"><circle cx=\"12\" cy=\"12\" r=\"10\"/><path d=\"M12 7v5l3 3\"/></g>"
		},
		"clock-rotate": {
			"body": "<path fill=\"none\" stroke=\"currentColor\" stroke-linecap=\"round\" stroke-linejoin=\"round\" stroke-width=\"2\" d=\"M4 18A10 10 0 1 0 2.9 7.9M2 4v4h4m6-1v5l3 3\"/>"
		},
		"cloud": {
			"body": "<path fill=\"none\" stroke=\"currentColor\" stroke-linecap=\"round\" stroke-linejoin=\"round\" stroke-width=\"2\" d=\"M18 20a1 1 0 1 0 0-10a1 1 0 1 0-13 2a1 1 0 0 0 0 8z\"/>"
		},
		"clover": {
			"body": "<path fill=\"none\" stroke=\"currentColor\" stroke-linecap=\"round\" stroke-linejoin=\"round\" stroke-width=\"2\" d=\"M17 7a1 1 0 0 0-5-5a1 1 0 0 0-5 5l10 10a1 1 0 0 1-5 5a1 1 0 0 1-5-5ZM7 17a1 1 0 0 1-5-5a1 1 0 0 1 5-5l10 10a1 1 0 0 0 5-5a1 1 0 0 0-5-5Z\"/>"
		},
		"code": {
			"body": "<path fill=\"none\" stroke=\"currentColor\" stroke-linecap=\"round\" stroke-linejoin=\"round\" stroke-width=\"2\" d=\"m16 19l7-7l-7-7M8 5l-7 7l7 7\"/>"
		},
		"codepen": {
			"body": "<g fill=\"none\" stroke=\"currentColor\" stroke-linecap=\"round\" stroke-linejoin=\"round\" stroke-width=\"2\"><path d=\"m12 2l10 6.5v7L12 22L2 15.5v-7Zm0 20v-6.5M12 2v6.5\"/><path d=\"m22 8.5l-10 7l-10-7\"/><path d=\"m2 15.5l10-7l10 7\"/></g>"
		},
		"codesandbox": {
			"body": "<path fill=\"none\" stroke=\"currentColor\" stroke-linecap=\"round\" stroke-linejoin=\"round\" stroke-width=\"2\" d=\"m12 2l9 5v10l-9 5l-9-5V7zM3 7l9 5l9-5m-9 5v10M3 11.7l5 2.8v5.3m13-8.1l-5 2.8v5.3m-9-15l5 2.7l5-2.7\"/>"
		},
		"coffee": {
			"body": "<path fill=\"none\" stroke=\"currentColor\" stroke-linecap=\"round\" stroke-linejoin=\"round\" stroke-width=\"2\" d=\"M6 2v3m4-3v3m4-3v3m4 4v9a4 4 0 0 1-4 4H6a4 4 0 0 1-4-4V9h17a1 1 0 0 1 0 8h-1\"/>"
		},
		"coinbase": {
			"body": "<path fill=\"none\" stroke=\"currentColor\" stroke-linecap=\"round\" stroke-linejoin=\"round\" stroke-width=\"2\" d=\"M22 10a10 10 0 1 0 0 4h-6a4 4 0 1 1 0-4Z\"/>"
		},
		"columns": {
			"body": "<g fill=\"none\" stroke=\"currentColor\" stroke-linecap=\"round\" stroke-linejoin=\"round\" stroke-width=\"2\"><rect width=\"18\" height=\"18\" x=\"3\" y=\"3\" rx=\"2\"/><path d=\"M12 3v18\"/></g>"
		},
		"columns-3": {
			"body": "<g fill=\"none\" stroke=\"currentColor\" stroke-linecap=\"round\" stroke-linejoin=\"round\" stroke-width=\"2\"><rect width=\"22\" height=\"18\" x=\"1\" y=\"3\" rx=\"2\"/><path d=\"M8 3v18m8-18v18\"/></g>"
		},
		"command": {
			"body": "<path fill=\"none\" stroke=\"currentColor\" stroke-linecap=\"round\" stroke-linejoin=\"round\" stroke-width=\"2\" d=\"M9 6a3 3 0 1 0-3 3h12a3 3 0 1 0-3-3v12a3 3 0 1 0 3-3H6a3 3 0 1 0 3 3Z\"/>"
		},
		"comment": {
			"body": "<path fill=\"none\" stroke=\"currentColor\" stroke-linecap=\"round\" stroke-linejoin=\"round\" stroke-width=\"2\" d=\"M4.3 16.7a9 9 0 1 1 3 3L3 21z\"/>"
		},
		"comment-dots": {
			"body": "<path fill=\"none\" stroke=\"currentColor\" stroke-linecap=\"round\" stroke-linejoin=\"round\" stroke-width=\"2\" d=\"M4.3 16.7a9 9 0 1 1 3 3L3 21zM16 12\"/>"
		},
		"compact-disc": {
			"body": "<g fill=\"none\" stroke=\"currentColor\" stroke-linecap=\"round\" stroke-linejoin=\"round\" stroke-width=\"2\"><path d=\"M6 12a6 6 0 0 1 6-6\"/><circle cx=\"12\" cy=\"12\" r=\"10\"/><circle cx=\"12\" cy=\"12\" r=\"2\"/></g>"
		},
		"compress": {
			"body": "<path fill=\"none\" stroke=\"currentColor\" stroke-linecap=\"round\" stroke-linejoin=\"round\" stroke-width=\"2\" d=\"M3 8h5V3m8 0v5h5m-5 13v-5h5M3 16h5v5\"/>"
		},
		"cookie": {
			"body": "<path fill=\"none\" stroke=\"currentColor\" stroke-linecap=\"round\" stroke-linejoin=\"round\" stroke-width=\"2\" d=\"M18 4a10 10 0 1 0 4 8a4 4 0 0 1-4-8m-8 3\"/>"
		},
		"copy": {
			"body": "<g fill=\"none\" stroke=\"currentColor\" stroke-linecap=\"round\" stroke-linejoin=\"round\" stroke-width=\"2\"><path d=\"M5 15H4a2 2 0 0 1-2-2V4a2 2 0 0 1 2-2h9a2 2 0 0 1 2 2v1\"/><rect width=\"13\" height=\"13\" x=\"9\" y=\"9\" rx=\"2\"/></g>"
		},
		"copyright": {
			"body": "<g fill=\"none\" stroke=\"currentColor\" stroke-linecap=\"round\" stroke-linejoin=\"round\" stroke-width=\"2\"><circle cx=\"12\" cy=\"12\" r=\"9\"/><path d=\"M14.6 9a4 4 0 1 0 0 6\"/></g>"
		},
		"credit-card": {
			"body": "<g fill=\"none\" stroke=\"currentColor\" stroke-linecap=\"round\" stroke-linejoin=\"round\" stroke-width=\"2\"><rect width=\"22\" height=\"16\" x=\"1\" y=\"4\" rx=\"2\"/><path d=\"M1 9h22M5 16h2m3 0h5\"/></g>"
		},
		"cross": {
			"body": "<path fill=\"none\" stroke=\"currentColor\" stroke-linecap=\"round\" stroke-linejoin=\"round\" stroke-width=\"2\" d=\"M15 2H9v7H2v6h7v7h6v-7h7V9h-7Z\"/>"
		},
		"cube": {
			"body": "<path fill=\"none\" stroke=\"currentColor\" stroke-linecap=\"round\" stroke-linejoin=\"round\" stroke-width=\"2\" d=\"m12 2l9 5v10l-9 5l-9-5V7zM3 7l9 5l9-5m-9 5v10\"/>"
		},
		"desktop": {
			"body": "<g fill=\"none\" stroke=\"currentColor\" stroke-linecap=\"round\" stroke-linejoin=\"round\" stroke-width=\"2\"><rect width=\"22\" height=\"15\" x=\"1\" y=\"3\" rx=\"3\"/><path d=\"M8 21h8M1 13h22\"/></g>"
		},
		"deviantart": {
			"body": "<path fill=\"none\" stroke=\"currentColor\" stroke-linecap=\"round\" stroke-linejoin=\"round\" stroke-width=\"2\" d=\"M9.4 11H5V6h7.5L15 2h4v4l-4.4 7H19v5h-7.5L9 22H5v-4Z\"/>"
		},
		"devices": {
			"body": "<g fill=\"none\" stroke=\"currentColor\" stroke-linecap=\"round\" stroke-linejoin=\"round\" stroke-width=\"2\"><path d=\"M1 19h12m0-3H4a2 2 0 0 1-2-2V5a2 2 0 0 1 2-2h14a2 2 0 0 1 2 2v3\"/><rect width=\"6\" height=\"10\" x=\"17\" y=\"12\" rx=\"2\"/></g>"
		},
		"dice": {
			"body": "<g fill=\"none\" stroke=\"currentColor\" stroke-linecap=\"round\" stroke-linejoin=\"round\" stroke-width=\"2\"><rect width=\"18\" height=\"18\" x=\"3\" y=\"3\" rx=\"2\"/><circle cx=\"15.5\" cy=\"8.5\" r=\".5\"/><circle cx=\"12\" cy=\"12\" r=\".5\"/><circle cx=\"8.5\" cy=\"15.5\" r=\".5\"/></g>"
		},
		"disc": {
			"body": "<g fill=\"none\" stroke=\"currentColor\" stroke-linecap=\"round\" stroke-linejoin=\"round\" stroke-width=\"2\"><circle cx=\"12\" cy=\"12\" r=\"10\"/><circle cx=\"12\" cy=\"12\" r=\"2\"/></g>"
		},
		"discord": {
			"body": "<g fill=\"none\" stroke=\"currentColor\" stroke-linecap=\"round\" stroke-linejoin=\"round\" stroke-width=\"2\"><path d=\"M9 3q-2.5.5-5 2q-3 5-3 12q2 2.5 6 4q1-1.5 1.5-3.5M7 17q5 2 10 0m-1.5.5q.5 2 1.5 3.5q4-1.5 6-4q0-7-3-12q-2.5-1.5-5-2l-1 2q-2-.5-4 0L9 3\"/><circle cx=\"8\" cy=\"12\" r=\"1\"/><circle cx=\"16\" cy=\"12\" r=\"1\"/></g>"
		},
		"disqus": {
			"body": "<path fill=\"none\" stroke=\"currentColor\" stroke-linecap=\"round\" stroke-linejoin=\"round\" stroke-width=\"2\" d=\"M9 8v8h3a1 1 0 0 0 0-8ZM7 21a10.5 10.5 0 1 0-4-4l-1 5Z\"/>"
		},
		"dollar": {
			"body": "<path fill=\"none\" stroke=\"currentColor\" stroke-linecap=\"round\" stroke-linejoin=\"round\" stroke-width=\"2\" d=\"M12 2v20m4-17h-6a3.5 3.5 0 0 0 0 7h4.5a3.5 3.5 0 0 1 0 7H6\"/>"
		},
		"download": {
			"body": "<path fill=\"none\" stroke=\"currentColor\" stroke-linecap=\"round\" stroke-linejoin=\"round\" stroke-width=\"2\" d=\"m7 10l5 5l5-5m-5 5V3m10 12v4a2 2 0 0 1-2 2H4a2 2 0 0 1-2-2v-4\"/>"
		},
		"download-cloud": {
			"body": "<path fill=\"none\" stroke=\"currentColor\" stroke-linecap=\"round\" stroke-linejoin=\"round\" stroke-width=\"2\" d=\"M18 17a5 5 0 1 0 0-10A1 1 0 1 0 5 9a1 1 0 0 0 0 8h1m3 3l3 3l3-3m-3 3V11\"/>"
		},
		"dribbble": {
			"body": "<g fill=\"none\" stroke=\"currentColor\" stroke-linecap=\"round\" stroke-linejoin=\"round\" stroke-width=\"2\"><circle cx=\"12\" cy=\"12\" r=\"10\"/><path d=\"M8.5 2.7a38 38 0 0 1 8.1 18.1m2.6-15.7a18 10 0 0 1-17.1 5.8m3.2 8.5A14 15 0 0 1 21.9 13\"/></g>"
		},
		"droplet": {
			"body": "<path fill=\"none\" stroke=\"currentColor\" stroke-linecap=\"round\" stroke-linejoin=\"round\" stroke-width=\"2\" d=\"m12 1l6 6A9 9 0 1 1 6 7Z\"/>"
		},
		"ellipsis": {
			"body": "<g fill=\"none\" stroke=\"currentColor\" stroke-linecap=\"round\" stroke-linejoin=\"round\" stroke-width=\"2\"><circle cx=\"5\" cy=\"12\" r=\"1\"/><circle cx=\"12\" cy=\"12\" r=\"1\"/><circle cx=\"19\" cy=\"12\" r=\"1\"/></g>"
		},
		"ellipsis-vertical": {
			"body": "<g fill=\"none\" stroke=\"currentColor\" stroke-linecap=\"round\" stroke-linejoin=\"round\" stroke-width=\"2\"><circle cx=\"12\" cy=\"5\" r=\"1\"/><circle cx=\"12\" cy=\"12\" r=\"1\"/><circle cx=\"12\" cy=\"19\" r=\"1\"/></g>"
		},
		"envelope": {
			"body": "<g fill=\"none\" stroke=\"currentColor\" stroke-linecap=\"round\" stroke-linejoin=\"round\" stroke-width=\"2\"><rect width=\"20\" height=\"16\" x=\"2\" y=\"4\" rx=\"2\"/><path d=\"m22 8l-10 5L2 8\"/></g>"
		},
		"equals": {
			"body": "<path fill=\"none\" stroke=\"currentColor\" stroke-linecap=\"round\" stroke-linejoin=\"round\" stroke-width=\"2\" d=\"M5 15h14M5 9h14\"/>"
		},
		"eraser": {
			"body": "<path fill=\"none\" stroke=\"currentColor\" stroke-linecap=\"round\" stroke-linejoin=\"round\" stroke-width=\"2\" d=\"M22 21H7l-4-4a3 3 0 0 1 0-4l9-9a3 3 0 0 1 4 0l5 5a3 3 0 0 1 0 4l-8 8M7.5 8.5l9 9\"/>"
		},
		"euro": {
			"body": "<path fill=\"none\" stroke=\"currentColor\" stroke-linecap=\"round\" stroke-linejoin=\"round\" stroke-width=\"2\" d=\"M4 14h10M4 10h10m4-5a8 8 0 1 0 0 14\"/>"
		},
		"expand": {
			"body": "<path fill=\"none\" stroke=\"currentColor\" stroke-linecap=\"round\" stroke-linejoin=\"round\" stroke-width=\"2\" d=\"M3 8V3h5m8 0h5v5m0 8v5h-5m-8 0H3v-5\"/>"
		},
		"eye": {
			"body": "<g fill=\"none\" stroke=\"currentColor\" stroke-linecap=\"round\" stroke-linejoin=\"round\" stroke-width=\"2\"><circle cx=\"12\" cy=\"12\" r=\"3\"/><path d=\"M1 12q11 16 22 0Q12-4 1 12\"/></g>"
		},
		"face-angry": {
			"body": "<g fill=\"none\" stroke=\"currentColor\" stroke-linecap=\"round\" stroke-linejoin=\"round\" stroke-width=\"2\"><path d=\"m14 9l2.5-1M10 9L7.5 8m.5 8q4-4 8 0\"/><circle cx=\"12\" cy=\"12\" r=\"10\"/></g>"
		},
		"face-frown": {
			"body": "<g fill=\"none\" stroke=\"currentColor\" stroke-linecap=\"round\" stroke-linejoin=\"round\" stroke-width=\"2\"><path d=\"M9 9h.01M15 9h.01M8 16q4-4 8 0\"/><circle cx=\"12\" cy=\"12\" r=\"10\"/></g>"
		},
		"face-laugh": {
			"body": "<g fill=\"none\" stroke=\"currentColor\" stroke-linecap=\"round\" stroke-linejoin=\"round\" stroke-width=\"2\"><path d=\"M9 9h.01M15 9h.01M6 13a6.1 6.1 0 0 0 12 0Z\"/><circle cx=\"12\" cy=\"12\" r=\"10\"/></g>"
		},
		"face-meh": {
			"body": "<g fill=\"none\" stroke=\"currentColor\" stroke-linecap=\"round\" stroke-linejoin=\"round\" stroke-width=\"2\"><path d=\"M8 15h8M9 9h.01M15 9h.01\"/><circle cx=\"12\" cy=\"12\" r=\"10\"/></g>"
		},
		"face-meh-blank": {
			"body": "<g fill=\"none\" stroke=\"currentColor\" stroke-linecap=\"round\" stroke-linejoin=\"round\" stroke-width=\"2\"><path d=\"M9 9h.01M15 9h.01\"/><circle cx=\"12\" cy=\"12\" r=\"10\"/></g>"
		},
		"face-smile": {
			"body": "<g fill=\"none\" stroke=\"currentColor\" stroke-linecap=\"round\" stroke-linejoin=\"round\" stroke-width=\"2\"><path d=\"M9 9h.01M15 9h.01M8 14q4 4 8 0\"/><circle cx=\"12\" cy=\"12\" r=\"10\"/></g>"
		},
		"facebook": {
			"body": "<path fill=\"none\" stroke=\"currentColor\" stroke-linecap=\"round\" stroke-linejoin=\"round\" stroke-width=\"2\" d=\"M17 14h-3v8h-4v-8H7v-4h3V7a5 5 0 0 1 5-5h3v4h-3q-1 0-1 1v3h4Z\"/>"
		},
		"facebook-alt": {
			"body": "<g fill=\"none\" stroke=\"currentColor\" stroke-linecap=\"round\" stroke-linejoin=\"round\" stroke-width=\"2\"><circle cx=\"12\" cy=\"12\" r=\"11\"/><path d=\"M12 23V9.5A2.5 2.5 0 0 1 15 7m-5 6h4.5\"/></g>"
		},
		"feather": {
			"body": "<path fill=\"none\" stroke=\"currentColor\" stroke-linecap=\"round\" stroke-linejoin=\"round\" stroke-width=\"2\" d=\"M20.25 12.24a1 1 0 0 0-8.51-8.49L5 10.5V19h8.5ZM2 22L16 8m-7 7h8.5\"/>"
		},
		"figma": {
			"body": "<g fill=\"none\" stroke=\"currentColor\" stroke-linecap=\"round\" stroke-linejoin=\"round\" stroke-width=\"2\"><path d=\"M8.5 9a1 1 0 0 1 0-7h7a1 1 0 0 1 0 7za1 1 0 0 0 0 7H12H8.5a1 1 0 0 0 0 7a3.5 3.5 0 0 0 3.5-3.5V2\"/><circle cx=\"15.5\" cy=\"12.5\" r=\"3.5\"/></g>"
		},
		"file": {
			"body": "<path fill=\"none\" stroke=\"currentColor\" stroke-linecap=\"round\" stroke-linejoin=\"round\" stroke-width=\"2\" d=\"M14 2H6a2 2 0 0 0-2 2v16a2 2 0 0 0 2 2h12a2 2 0 0 0 2-2V8Z\"/>"
		},
		"file-lines": {
			"body": "<path fill=\"none\" stroke=\"currentColor\" stroke-linecap=\"round\" stroke-linejoin=\"round\" stroke-width=\"2\" d=\"M14 2H6a2 2 0 0 0-2 2v16a2 2 0 0 0 2 2h12a2 2 0 0 0 2-2V8Zm2 11H8m8 4H8m4-8H8\"/>"
		},
		"file-minus": {
			"body": "<path fill=\"none\" stroke=\"currentColor\" stroke-linecap=\"round\" stroke-linejoin=\"round\" stroke-width=\"2\" d=\"M14 2H6a2 2 0 0 0-2 2v16a2 2 0 0 0 2 2h12a2 2 0 0 0 2-2V8ZM9 15h6\"/>"
		},
		"file-plus": {
			"body": "<path fill=\"none\" stroke=\"currentColor\" stroke-linecap=\"round\" stroke-linejoin=\"round\" stroke-width=\"2\" d=\"M14 2H6a2 2 0 0 0-2 2v16a2 2 0 0 0 2 2h12a2 2 0 0 0 2-2V8Zm-2 16v-6m-3 3h6\"/>"
		},
		"file-search": {
			"body": "<g fill=\"none\" stroke=\"currentColor\" stroke-linecap=\"round\" stroke-linejoin=\"round\" stroke-width=\"2\"><circle cx=\"11.5\" cy=\"14.5\" r=\"3.5\"/><path d=\"m4 22l5-5m-5-2V4a2 2 0 0 1 2-2h8l6 6v12a2 2 0 0 1-2 2h-7\"/></g>"
		},
		"film": {
			"body": "<g fill=\"none\" stroke=\"currentColor\" stroke-linecap=\"round\" stroke-linejoin=\"round\" stroke-width=\"2\"><rect width=\"20\" height=\"20\" x=\"2\" y=\"2\" rx=\"3\" ry=\"3\"/><path d=\"M7 2v20M17 2v20M2 12h20M2 7h5m15 0h-5M2 17h5m15 0h-5\"/></g>"
		},
		"filter": {
			"body": "<path fill=\"none\" stroke=\"currentColor\" stroke-linecap=\"round\" stroke-linejoin=\"round\" stroke-width=\"2\" d=\"M22 3H2l8 10v4l4 4v-8z\"/>"
		},
		"fingerprint": {
			"body": "<path fill=\"none\" stroke=\"currentColor\" stroke-linecap=\"round\" stroke-linejoin=\"round\" stroke-width=\"2\" d=\"M6 18a10 10 0 0 0 2-6a4 4 0 0 1 8 0a16 16 0 0 1-1 6m-3-5a14 14 0 0 1-3 8m-6-6a9 9 0 0 0 1-4a8 8 0 0 1 13-6.2M19.5 8a8 8 0 0 1 .5 5\"/>"
		},
		"fire": {
			"body": "<path fill=\"none\" stroke=\"currentColor\" stroke-linecap=\"round\" stroke-linejoin=\"round\" stroke-width=\"2\" d=\"M6 9.7a8 8 0 1 0 10.4-1.4Q16 12 12 13q3-6-2-12q0 5-4 8.7\"/>"
		},
		"flipboard": {
			"body": "<path fill=\"none\" stroke=\"currentColor\" stroke-linecap=\"round\" stroke-linejoin=\"round\" stroke-width=\"2\" d=\"M3 21h6v-6h6V9h6V3H3Z\"/>"
		},
		"floppy-disk": {
			"body": "<path fill=\"none\" stroke=\"currentColor\" stroke-linecap=\"round\" stroke-linejoin=\"round\" stroke-width=\"2\" d=\"M17 3H5a2 2 0 0 0-2 2v14a2 2 0 0 0 2 2h14a2 2 0 0 0 2-2V7Zm0 18v-8H7v8M7 3v5h8\"/>"
		},
		"folder": {
			"body": "<path fill=\"none\" stroke=\"currentColor\" stroke-linecap=\"round\" stroke-linejoin=\"round\" stroke-width=\"2\" d=\"M9 3H4a2 2 0 0 0-2 2v14a2 2 0 0 0 2 2h16a2 2 0 0 0 2-2V8a2 2 0 0 0-2-2h-9Z\"/>"
		},
		"folder-minus": {
			"body": "<path fill=\"none\" stroke=\"currentColor\" stroke-linecap=\"round\" stroke-linejoin=\"round\" stroke-width=\"2\" d=\"M9 14h6M9 3H4a2 2 0 0 0-2 2v14a2 2 0 0 0 2 2h16a2 2 0 0 0 2-2V8a2 2 0 0 0-2-2h-9Z\"/>"
		},
		"folder-plus": {
			"body": "<path fill=\"none\" stroke=\"currentColor\" stroke-linecap=\"round\" stroke-linejoin=\"round\" stroke-width=\"2\" d=\"M12 17v-6m-3 3h6M9 3H4a2 2 0 0 0-2 2v14a2 2 0 0 0 2 2h16a2 2 0 0 0 2-2V8a2 2 0 0 0-2-2h-9Z\"/>"
		},
		"folder-search": {
			"body": "<g fill=\"none\" stroke=\"currentColor\" stroke-linecap=\"round\" stroke-linejoin=\"round\" stroke-width=\"2\"><circle cx=\"15.5\" cy=\"14.5\" r=\"3.5\"/><path d=\"m18 17l5 5m-1-8V8a2 2 0 0 0-2-2h-9L9 3H4a2 2 0 0 0-2 2v14a2 2 0 0 0 2 2h11\"/></g>"
		},
		"forward": {
			"body": "<path fill=\"none\" stroke=\"currentColor\" stroke-linecap=\"round\" stroke-linejoin=\"round\" stroke-width=\"2\" d=\"M2 5v14l9-7Zm11 0v14l9-7Z\"/>"
		},
		"forward-step": {
			"body": "<path fill=\"none\" stroke=\"currentColor\" stroke-linecap=\"round\" stroke-linejoin=\"round\" stroke-width=\"2\" d=\"M18 5v14M6 4v16l10-8Z\"/>"
		},
		"gamepad": {
			"body": "<g fill=\"none\" stroke=\"currentColor\" stroke-linecap=\"round\" stroke-linejoin=\"round\" stroke-width=\"2\"><rect width=\"22\" height=\"14\" x=\"1\" y=\"5\" rx=\"3\"/><path d=\"M7 10v4m-2-2h4m9-1\"/></g>"
		},
		"gamepad-modern": {
			"body": "<path fill=\"none\" stroke=\"currentColor\" stroke-linecap=\"round\" stroke-linejoin=\"round\" stroke-width=\"2\" d=\"M9 16h6a1 1 0 0 0 0-12H9a6 6 0 0 0-5.9 5l-1.9 6.9A3 3 0 0 0 6 19.2Zm6 0l3 3.3a3 3 0 0 0 4.8-3.4L20.9 9M8 8v4m-2-2h4m5 0h2\"/>"
		},
		"gear": {
			"body": "<g fill=\"none\" stroke=\"currentColor\" stroke-linecap=\"round\" stroke-linejoin=\"round\" stroke-width=\"2\"><circle cx=\"12\" cy=\"12\" r=\"3\"/><path d=\"M10 21a1 1 0 0 0 4 0a1.8 1.8 0 0 1 3-1.3a1 1 0 0 0 2.8-2.7a1.8 1.8 0 0 1 1.2-3a1 1 0 0 0 0-4a1.8 1.8 0 0 1-1.2-3A1 1 0 0 0 17 4.4A1.8 1.8 0 0 1 14 3a1 1 0 0 0-4 0a1.8 1.8 0 0 1-3 1.4A1 1 0 0 0 4.2 7A1.8 1.8 0 0 1 3 10a1 1 0 0 0 0 4a1.8 1.8 0 0 1 1.2 3A1 1 0 0 0 7 19.7a1.8 1.8 0 0 1 3 1.3\"/></g>"
		},
		"get-pocket": {
			"body": "<path fill=\"none\" stroke=\"currentColor\" stroke-linecap=\"round\" stroke-linejoin=\"round\" stroke-width=\"2\" d=\"M21 3a2 2 0 0 1 2 2v6a9 9 0 0 1-22 0V5a2 2 0 0 1 2-2ZM7 10l5 4l5-4\"/>"
		},
		"ghost": {
			"body": "<path fill=\"none\" stroke=\"currentColor\" stroke-linecap=\"round\" stroke-linejoin=\"round\" stroke-width=\"2\" d=\"M15 9v1m6 0a1 1 0 0 0-18 0v13c5-6 6 0 9 0s4-6 9 0ZM9 9v1\"/>"
		},
		"gift": {
			"body": "<path fill=\"none\" stroke=\"currentColor\" stroke-linecap=\"round\" stroke-linejoin=\"round\" stroke-width=\"2\" d=\"M12 22V7q-2-5-5-5a1 1 0 0 0 0 5m5 0q2-5 5-5a1 1 0 0 1 0 5m5 0v5H2V7ZM4 12v10h16V12\"/>"
		},
		"git-branch": {
			"body": "<g fill=\"none\" stroke=\"currentColor\" stroke-linecap=\"round\" stroke-linejoin=\"round\" stroke-width=\"2\"><circle cx=\"6\" cy=\"5\" r=\"3\"/><circle cx=\"18\" cy=\"12\" r=\"3\"/><circle cx=\"6\" cy=\"19\" r=\"3\"/><path d=\"M6 8v8m11-1s-2 4-8 4\"/></g>"
		},
		"git-commit": {
			"body": "<g fill=\"none\" stroke=\"currentColor\" stroke-linecap=\"round\" stroke-linejoin=\"round\" stroke-width=\"2\"><circle cx=\"12\" cy=\"12\" r=\"4\"/><path d=\"M1.1 12H7m10 0h6\"/></g>"
		},
		"git-fork": {
			"body": "<g fill=\"none\" stroke=\"currentColor\" stroke-linecap=\"round\" stroke-linejoin=\"round\" stroke-width=\"2\"><circle cx=\"6\" cy=\"5\" r=\"3\"/><circle cx=\"18\" cy=\"5\" r=\"3\"/><circle cx=\"12\" cy=\"19\" r=\"3\"/><path d=\"M6 8v1a3 3 0 0 0 3 3h6a3 3 0 0 0 3-3V8m-6 4v4\"/></g>"
		},
		"git-merge": {
			"body": "<g fill=\"none\" stroke=\"currentColor\" stroke-linecap=\"round\" stroke-linejoin=\"round\" stroke-width=\"2\"><circle cx=\"6\" cy=\"5\" r=\"3\"/><circle cx=\"18\" cy=\"12\" r=\"3\"/><circle cx=\"6\" cy=\"19\" r=\"3\"/><path d=\"M15 12s-6 1-9-4v8\"/></g>"
		},
		"git-pull": {
			"body": "<g fill=\"none\" stroke=\"currentColor\" stroke-linecap=\"round\" stroke-linejoin=\"round\" stroke-width=\"2\"><circle cx=\"6\" cy=\"5\" r=\"3\"/><circle cx=\"18\" cy=\"19\" r=\"3\"/><circle cx=\"6\" cy=\"19\" r=\"3\"/><path d=\"M6 8v8m7-10h3a2 2 0 0 1 2 2v7\"/></g>"
		},
		"github": {
			"body": "<path fill=\"none\" stroke=\"currentColor\" stroke-linecap=\"round\" stroke-linejoin=\"round\" stroke-width=\"2\" d=\"M9 22v-3q0-2 1-3A7 6.5 0 0 1 5 5Q4 3 5 1q3 0 4 2q3.5-1 7 0q1-2 4-2q1 2 0 4a7 6.5 0 0 1-5 11q1 1 1 3v3m-7-3c-4 1-4-2-7-3\"/>"
		},
		"gitlab": {
			"body": "<path fill=\"none\" stroke=\"currentColor\" stroke-linecap=\"round\" stroke-linejoin=\"round\" stroke-width=\"2\" d=\"M1 14L5 2l3 8h8l3-8l4 12l-11 8Z\"/>"
		},
		"globe": {
			"body": "<g fill=\"none\" stroke=\"currentColor\" stroke-linecap=\"round\" stroke-linejoin=\"round\" stroke-width=\"2\"><path d=\"M2 12h20M12 2a15 15 0 0 0 0 20a15 15 0 0 0 0-20\"/><circle cx=\"12\" cy=\"12\" r=\"10\"/></g>"
		},
		"gohugo": {
			"body": "<path fill=\"none\" stroke=\"currentColor\" stroke-linecap=\"round\" stroke-linejoin=\"round\" stroke-width=\"2\" d=\"m12 1l9.5 5.5v11L12 23l-9.5-5.5v-11ZM9 8v8m0-4h6m0-4v8\"/>"
		},
		"google": {
			"body": "<path fill=\"none\" stroke=\"currentColor\" stroke-linecap=\"round\" stroke-linejoin=\"round\" stroke-width=\"2\" d=\"M16.5 6.6a7 7 0 1 0 2.2 7.4H12v-4h10.8a11 11 0 1 1-3.3-6Z\"/>"
		},
		"google-drive": {
			"body": "<path fill=\"none\" stroke=\"currentColor\" stroke-linecap=\"round\" stroke-linejoin=\"round\" stroke-width=\"2\" d=\"m1.5 15l7-12h7l7 12l-3.5 6H5ZM5 21l7-12m-3.5 6h14m-6.9 0L8.5 3\"/>"
		},
		"google-play": {
			"body": "<path fill=\"none\" stroke=\"currentColor\" stroke-linecap=\"round\" stroke-linejoin=\"round\" stroke-width=\"2\" d=\"M6.8 2.2a2.5 2.5 0 0 0-3.8 2v15.6a2.5 2.5 0 0 0 3.8 2L21 13.7a2 2 0 0 0 0-3.4ZM3.2 3.5l12.8 13m-12.8 4L16 7.5\"/>"
		},
		"grid": {
			"body": "<g fill=\"none\" stroke=\"currentColor\" stroke-linecap=\"round\" stroke-linejoin=\"round\" stroke-width=\"2\"><rect width=\"7\" height=\"7\" x=\"3\" y=\"3\" rx=\"1\"/><rect width=\"7\" height=\"7\" x=\"14\" y=\"3\" rx=\"1\"/><rect width=\"7\" height=\"7\" x=\"3\" y=\"14\" rx=\"1\"/><rect width=\"7\" height=\"7\" x=\"14\" y=\"14\" rx=\"1\"/></g>"
		},
		"grid-plus": {
			"body": "<g fill=\"none\" stroke=\"currentColor\" stroke-linecap=\"round\" stroke-linejoin=\"round\" stroke-width=\"2\"><rect width=\"7\" height=\"7\" x=\"3\" y=\"3\" rx=\"1\"/><rect width=\"7\" height=\"7\" x=\"14\" y=\"3\" rx=\"1\"/><rect width=\"7\" height=\"7\" x=\"3\" y=\"14\" rx=\"1\"/><path d=\"M14 17.5h7M17.5 14v7\"/></g>"
		},
		"grip-dots": {
			"body": "<g fill=\"none\" stroke=\"currentColor\" stroke-linecap=\"round\" stroke-linejoin=\"round\" stroke-width=\"2\"><circle cx=\"5\" cy=\"9\" r=\"1\"/><circle cx=\"12\" cy=\"9\" r=\"1\"/><circle cx=\"19\" cy=\"9\" r=\"1\"/><circle cx=\"5\" cy=\"15\" r=\"1\"/><circle cx=\"12\" cy=\"15\" r=\"1\"/><circle cx=\"19\" cy=\"15\" r=\"1\"/></g>"
		},
		"grip-dots-vertical": {
			"body": "<g fill=\"none\" stroke=\"currentColor\" stroke-linecap=\"round\" stroke-linejoin=\"round\" stroke-width=\"2\"><circle cx=\"9\" cy=\"5\" r=\"1\"/><circle cx=\"9\" cy=\"12\" r=\"1\"/><circle cx=\"9\" cy=\"19\" r=\"1\"/><circle cx=\"15\" cy=\"5\" r=\"1\"/><circle cx=\"15\" cy=\"12\" r=\"1\"/><circle cx=\"15\" cy=\"19\" r=\"1\"/></g>"
		},
		"gumroad": {
			"body": "<g fill=\"none\" stroke=\"currentColor\" stroke-linecap=\"round\" stroke-linejoin=\"round\" stroke-width=\"2\"><circle cx=\"20\" cy=\"4\" r=\"2\"/><circle cx=\"15\" cy=\"16\" r=\"2\"/><path d=\"M18 4H5a2 2 0 0 0-2 2v14a2 2 0 0 0 2 2h14a2 2 0 0 0 2-2v-8a2 2 0 0 0-2-2h-8a2 2 0 0 0-2 2v2a2 2 0 0 0 2 2h2\"/></g>"
		},
		"headphones": {
			"body": "<path fill=\"none\" stroke=\"currentColor\" stroke-linecap=\"round\" stroke-linejoin=\"round\" stroke-width=\"2\" d=\"M2 14h4q2 0 2 2v4q0 2-2 2H4q-2 0-2-2v-8a1 1 0 0 1 20 0v8q0 2-2 2h-2q-2 0-2-2v-4q0-2 2-2h4\"/>"
		},
		"heart": {
			"body": "<path fill=\"none\" stroke=\"currentColor\" stroke-linecap=\"round\" stroke-linejoin=\"round\" stroke-width=\"2\" d=\"m12 21l-8.8-8.3A5.6 5.6 0 1 1 12 6a5.6 5.6 0 1 1 8.9 6.6z\"/>"
		},
		"hexagon": {
			"body": "<path fill=\"none\" stroke=\"currentColor\" stroke-linecap=\"round\" stroke-linejoin=\"round\" stroke-width=\"2\" d=\"m12 1l9.5 5.5v11L12 23l-9.5-5.5v-11Z\"/>"
		},
		"home": {
			"body": "<path fill=\"none\" stroke=\"currentColor\" stroke-linecap=\"round\" stroke-linejoin=\"round\" stroke-width=\"2\" d=\"M1 12L12 1l11 11m-2-2v10a2 2 0 0 1-2 2H5a2 2 0 0 1-2-2V10m6 12v-8h6v8\"/>"
		},
		"image": {
			"body": "<g fill=\"none\" stroke=\"currentColor\" stroke-linecap=\"round\" stroke-linejoin=\"round\" stroke-width=\"2\"><rect width=\"18\" height=\"18\" x=\"3\" y=\"3\" rx=\"2\"/><circle cx=\"15\" cy=\"9\" r=\"2\"/><path d=\"m3 18l6-6l9 9\"/></g>"
		},
		"images": {
			"body": "<g fill=\"none\" stroke=\"currentColor\" stroke-linecap=\"round\" stroke-linejoin=\"round\" stroke-width=\"2\"><rect width=\"18\" height=\"18\" x=\"5\" y=\"1\" rx=\"2\"/><circle cx=\"17\" cy=\"7\" r=\"2\"/><path d=\"m5 16l6-6l9 9M1 5v13a5 5 0 0 0 5 5h13\"/></g>"
		},
		"indent": {
			"body": "<path fill=\"none\" stroke=\"currentColor\" stroke-linecap=\"round\" stroke-linejoin=\"round\" stroke-width=\"2\" d=\"M9 6h12m-8 6h8M9 18h12M3 8l4 4l-4 4\"/>"
		},
		"instagram": {
			"body": "<g fill=\"none\" stroke=\"currentColor\" stroke-linecap=\"round\" stroke-linejoin=\"round\" stroke-width=\"2\"><circle cx=\"12\" cy=\"12\" r=\"4\"/><rect width=\"20\" height=\"20\" x=\"2\" y=\"2\" rx=\"5\"/></g>"
		},
		"key": {
			"body": "<g fill=\"none\" stroke=\"currentColor\" stroke-linecap=\"round\" stroke-linejoin=\"round\" stroke-width=\"2\"><circle cx=\"8\" cy=\"16\" r=\".5\"/><path d=\"M18 2h4v5h-3v3h-3v2l-2.3 2.3a6 6 0 1 1-4-4Z\"/></g>"
		},
		"key-skeleton": {
			"body": "<g fill=\"none\" stroke=\"currentColor\" stroke-linecap=\"round\" stroke-linejoin=\"round\" stroke-width=\"2\"><path d=\"m11 12l9-9l3 3m-6 0l3 3\"/><circle cx=\"7\" cy=\"16\" r=\"5.5\"/></g>"
		},
		"language": {
			"body": "<path fill=\"none\" stroke=\"currentColor\" stroke-linecap=\"round\" stroke-linejoin=\"round\" stroke-width=\"2\" d=\"M2 5h14M9 2v3m4 0q-2 8-9 11m2-7q2 4 6 6m1 7l5-11l5 11m-1.4-3h-7.2\"/>"
		},
		"laptop": {
			"body": "<g fill=\"none\" stroke=\"currentColor\" stroke-linecap=\"round\" stroke-linejoin=\"round\" stroke-width=\"2\"><rect width=\"18\" height=\"13\" x=\"3\" y=\"4\" rx=\"2\"/><path d=\"M1 20h22\"/></g>"
		},
		"laravel": {
			"body": "<path fill=\"none\" stroke=\"currentColor\" stroke-linecap=\"round\" stroke-linejoin=\"round\" stroke-width=\"2\" d=\"m14 10.8l4.5 2.5M5.5 1L1 3.5V18l9 5l8.5-4.7v-10L23 5.8v5L10 18l-4.5-2.5V6L10 3.5ZM1 3.5L5.5 6m0 9.5l8.5-4.7v-5l4.5-2.5L23 5.8M10 3.5V13m4-7.2l4.5 2.5M10 18v5\"/>"
		},
		"layout": {
			"body": "<g fill=\"none\" stroke=\"currentColor\" stroke-linecap=\"round\" stroke-linejoin=\"round\" stroke-width=\"2\"><rect width=\"18\" height=\"18\" x=\"3\" y=\"3\" rx=\"2\"/><path d=\"M3 9h18M9 21V9\"/></g>"
		},
		"leaf": {
			"body": "<path fill=\"none\" stroke=\"currentColor\" stroke-linecap=\"round\" stroke-linejoin=\"round\" stroke-width=\"2\" d=\"M2 21q1-6 6-7t6-3m5-9q-2 4-8 4a1 1 0 0 0 0 14a10 11 0 0 0 8-18\"/>"
		},
		"link": {
			"body": "<path fill=\"none\" stroke=\"currentColor\" stroke-linecap=\"round\" stroke-linejoin=\"round\" stroke-width=\"2\" d=\"M9 13a5 5 0 0 0 8 1l4-4a1 1 0 0 0-7-7l-2 2m3 6a5 5 0 0 0-8-1l-4 4a1 1 0 0 0 7 7l2-2\"/>"
		},
		"linkedin": {
			"body": "<g fill=\"none\" stroke=\"currentColor\" stroke-linecap=\"round\" stroke-linejoin=\"round\" stroke-width=\"2\"><circle cx=\"4\" cy=\"4\" r=\"2\"/><path d=\"M2 9h4v12H2Zm20 12h-4v-7a2 2 0 0 0-4 0v7h-4v-7a6 6 0 0 1 12 0Z\"/></g>"
		},
		"list": {
			"body": "<path fill=\"none\" stroke=\"currentColor\" stroke-linecap=\"round\" stroke-linejoin=\"round\" stroke-width=\"2\" d=\"M7 6h14M7 12h14M7 18h14M3 18\"/>"
		},
		"list-music": {
			"body": "<g fill=\"none\" stroke=\"currentColor\" stroke-linecap=\"round\" stroke-linejoin=\"round\" stroke-width=\"2\"><path d=\"M16 8h6V3h-6v15M2 3h9M2 8h9m-9 5h3\"/><circle cx=\"12\" cy=\"18\" r=\"4\"/></g>"
		},
		"location": {
			"body": "<path fill=\"none\" stroke=\"currentColor\" stroke-linecap=\"round\" stroke-linejoin=\"round\" stroke-width=\"2\" d=\"m12 23l-6-6a9 9 0 1 1 12 0z\"/>"
		},
		"location-crosshairs": {
			"body": "<g fill=\"none\" stroke=\"currentColor\" stroke-linecap=\"round\" stroke-linejoin=\"round\" stroke-width=\"2\"><path d=\"M23 12h-3M4 12H1m11-8V1m0 22v-3\"/><circle cx=\"12\" cy=\"12\" r=\"8\"/><circle cx=\"12\" cy=\"12\" r=\"3\"/></g>"
		},
		"location-dot": {
			"body": "<g fill=\"none\" stroke=\"currentColor\" stroke-linecap=\"round\" stroke-linejoin=\"round\" stroke-width=\"2\"><circle cx=\"12\" cy=\"10\" r=\"3\"/><path d=\"m12 23l-6-6a9 9 0 1 1 12 0z\"/></g>"
		},
		"lock": {
			"body": "<g fill=\"none\" stroke=\"currentColor\" stroke-linecap=\"round\" stroke-linejoin=\"round\" stroke-width=\"2\"><path d=\"M16 10V6a4 4 0 0 0-8 0v4\"/><rect width=\"18\" height=\"12\" x=\"3\" y=\"10\" rx=\"2\"/></g>"
		},
		"map": {
			"body": "<path fill=\"none\" stroke=\"currentColor\" stroke-linecap=\"round\" stroke-linejoin=\"round\" stroke-width=\"2\" d=\"M1 6v16l7-4l8 4l7-4V2l-7 4l-8-4zm7-4v16m8-12v16\"/>"
		},
		"map-pin": {
			"body": "<g fill=\"none\" stroke=\"currentColor\" stroke-linecap=\"round\" stroke-linejoin=\"round\" stroke-width=\"2\"><circle cx=\"12\" cy=\"7\" r=\"6\"/><path d=\"M12 13v10\"/></g>"
		},
		"mega": {
			"body": "<g fill=\"none\" stroke=\"currentColor\" stroke-linecap=\"round\" stroke-linejoin=\"round\" stroke-width=\"2\"><circle cx=\"12\" cy=\"12\" r=\"11\"/><path d=\"M7 15V9l5 5l5-5v6\"/></g>"
		},
		"message": {
			"body": "<path fill=\"none\" stroke=\"currentColor\" stroke-linecap=\"round\" stroke-linejoin=\"round\" stroke-width=\"2\" d=\"M21 15a2 2 0 0 1-2 2H7l-4 4V5a2 2 0 0 1 2-2h14a2 2 0 0 1 2 2z\"/>"
		},
		"message-dots": {
			"body": "<path fill=\"none\" stroke=\"currentColor\" stroke-linecap=\"round\" stroke-linejoin=\"round\" stroke-width=\"2\" d=\"M21 15a2 2 0 0 1-2 2H7l-4 4V5a2 2 0 0 1 2-2h14a2 2 0 0 1 2 2zm-5-5\"/>"
		},
		"meta": {
			"body": "<path fill=\"none\" stroke=\"currentColor\" stroke-linecap=\"round\" stroke-linejoin=\"round\" stroke-width=\"2\" d=\"M2 9c2-5 7-6 10 0s5 10 8 10s4-5 2-10s-7-6-10 0s-5 10-8 10s-4-5-2-10\"/>"
		},
		"meteor": {
			"body": "<g fill=\"none\" stroke=\"currentColor\" stroke-linecap=\"round\" stroke-linejoin=\"round\" stroke-width=\"2\"><circle cx=\"9.5\" cy=\"14.5\" r=\"3.5\"/><path d=\"M8 5L4 9a1 1 0 0 0 11 11l7-7m-6-2l6-6m-6-1l2-2m-5 5\"/></g>"
		},
		"microchip": {
			"body": "<g fill=\"none\" stroke=\"currentColor\" stroke-linecap=\"round\" stroke-linejoin=\"round\" stroke-width=\"2\"><rect width=\"16\" height=\"16\" x=\"4\" y=\"4\" rx=\"2\"/><path d=\"M9 9h6v6H9zm0-8v3m6-3v3M9 20v3m6-3v3m5-14h3m-3 5h3M1 9h3m-3 5h3\"/></g>"
		},
		"microphone": {
			"body": "<path fill=\"none\" stroke=\"currentColor\" stroke-linecap=\"round\" stroke-linejoin=\"round\" stroke-width=\"2\" d=\"M5 12a1 1 0 0 0 14 0m-7 7v4m-4 0h8M9 12a1 1 0 0 0 6 0V4a1 1 0 0 0-6 0Z\"/>"
		},
		"minus": {
			"body": "<path fill=\"none\" stroke=\"currentColor\" stroke-linecap=\"round\" stroke-linejoin=\"round\" stroke-width=\"2\" d=\"M5 12h14\"/>"
		},
		"mobile": {
			"body": "<g fill=\"none\" stroke=\"currentColor\" stroke-linecap=\"round\" stroke-linejoin=\"round\" stroke-width=\"2\"><rect width=\"16\" height=\"22\" x=\"4\" y=\"1\" rx=\"3\"/><path d=\"M10 19h4\"/></g>"
		},
		"moon": {
			"body": "<path fill=\"none\" stroke=\"currentColor\" stroke-linecap=\"round\" stroke-linejoin=\"round\" stroke-width=\"2\" d=\"M21 14a9 9 0 1 1-9-11a7 7 0 0 0 9 11\"/>"
		},
		"music": {
			"body": "<g fill=\"none\" stroke=\"currentColor\" stroke-linecap=\"round\" stroke-linejoin=\"round\" stroke-width=\"2\"><path d=\"M22 16V2L9 5v13\"/><circle cx=\"5\" cy=\"18\" r=\"4\"/><circle cx=\"18\" cy=\"16\" r=\"4\"/></g>"
		},
		"music-note": {
			"body": "<g fill=\"none\" stroke=\"currentColor\" stroke-linecap=\"round\" stroke-linejoin=\"round\" stroke-width=\"2\"><path d=\"M12 8h6V3h-6v15\"/><circle cx=\"8\" cy=\"18\" r=\"4\"/></g>"
		},
		"newspaper": {
			"body": "<path fill=\"none\" stroke=\"currentColor\" stroke-linecap=\"round\" stroke-linejoin=\"round\" stroke-width=\"2\" d=\"M2 6v13a2 2 0 0 0 4 0V5a2 2 0 0 1 2-2h12a2 2 0 0 1 2 2v13a3 3 0 0 1-3 3H4m7-13h6m-6 4h6m-6 4h6\"/>"
		},
		"objects-column": {
			"body": "<g fill=\"none\" stroke=\"currentColor\" stroke-linecap=\"round\" stroke-linejoin=\"round\" stroke-width=\"2\"><rect width=\"7\" height=\"9\" x=\"3\" y=\"3\" rx=\"1\"/><rect width=\"7\" height=\"5\" x=\"14\" y=\"3\" rx=\"1\"/><rect width=\"7\" height=\"5\" x=\"3\" y=\"16\" rx=\"1\"/><rect width=\"7\" height=\"9\" x=\"14\" y=\"12\" rx=\"1\"/></g>"
		},
		"open-source": {
			"body": "<path fill=\"none\" stroke=\"currentColor\" stroke-linecap=\"round\" stroke-linejoin=\"round\" stroke-width=\"2\" d=\"M16 21.2a10 10 0 1 0-8 0l2.4-6.1a3.5 3.5 0 1 1 3.2 0Z\"/>"
		},
		"openai": {
			"body": "<path fill=\"none\" stroke=\"currentColor\" stroke-linecap=\"round\" stroke-linejoin=\"round\" stroke-width=\"2\" d=\"M14.1 13.3L8 16.8l-4.2-2.6A4 4 0 0 1 6 6.7m6 7.8L6 11V6a4 4 0 0 1 7.6-2m-3.7 9.3V6.2l4.4-2.6a4 4 0 0 1 5.3 5.8m-9.7 1.3L16 7.2l4.2 2.6a4 4 0 0 1-2.2 7.5m-6-7.8l6 3.5v5a4 4 0 0 1-7.6 2m3.7-9.3v7.1l-4.4 2.6a4 4 0 0 1-5.3-5.8\"/>"
		},
		"outdent": {
			"body": "<path fill=\"none\" stroke=\"currentColor\" stroke-linecap=\"round\" stroke-linejoin=\"round\" stroke-width=\"2\" d=\"M15 6h6m-10 6h10m-6 6h6M7 8l-4 4l4 4\"/>"
		},
		"paint-roller": {
			"body": "<g fill=\"none\" stroke=\"currentColor\" stroke-linecap=\"round\" stroke-linejoin=\"round\" stroke-width=\"2\"><rect width=\"4\" height=\"6\" x=\"10\" y=\"16\" rx=\"2\"/><rect width=\"16\" height=\"6\" x=\"3\" y=\"2\" rx=\"2\"/><path d=\"M19 5h1q2 0 2 2q0 6-7 6q-3 0-3 3\"/></g>"
		},
		"palette": {
			"body": "<g fill=\"none\" stroke=\"currentColor\" stroke-linecap=\"round\" stroke-linejoin=\"round\" stroke-width=\"2\"><circle cx=\"14\" cy=\"7\" r=\".5\"/><circle cx=\"9\" cy=\"8\" r=\".5\"/><circle cx=\"7\" cy=\"13\" r=\".5\"/><path d=\"M12 22a10 10 0 1 1 10-10q0 4-5 4t-4 3t-1 3\"/></g>"
		},
		"paper-plane": {
			"body": "<path fill=\"none\" stroke=\"currentColor\" stroke-linecap=\"round\" stroke-linejoin=\"round\" stroke-width=\"2\" d=\"m22 2l-7 20l-4-9l-9-4zm0 0L11 13\"/>"
		},
		"paperclip": {
			"body": "<path fill=\"none\" stroke=\"currentColor\" stroke-linecap=\"round\" stroke-linejoin=\"round\" stroke-width=\"2\" d=\"m15 7l-7 7a1 1 0 0 0 3 3l7.5-7.5a1 1 0 0 0-6-6L5 11a1 1 0 0 0 9 9l7-7\"/>"
		},
		"patreon": {
			"body": "<g fill=\"none\" stroke=\"currentColor\" stroke-linecap=\"round\" stroke-linejoin=\"round\" stroke-width=\"2\"><path d=\"M2 2h3v20H2Z\"/><circle cx=\"15\" cy=\"9\" r=\"7\"/></g>"
		},
		"pause": {
			"body": "<path fill=\"none\" stroke=\"currentColor\" stroke-linecap=\"round\" stroke-linejoin=\"round\" stroke-width=\"2\" d=\"M5 4h4v16H5Zm10 0h4v16h-4Z\"/>"
		},
		"paw": {
			"body": "<g fill=\"none\" stroke=\"currentColor\" stroke-linecap=\"round\" stroke-linejoin=\"round\" stroke-width=\"2\"><circle cx=\"4\" cy=\"8\" r=\"3\"/><circle cx=\"12\" cy=\"4\" r=\"3\"/><circle cx=\"20\" cy=\"8\" r=\"3\"/><path d=\"M5 16a1 1 0 0 0 5 6q2-1 4 0a1 1 0 0 0 5-6l-3-3q-4-4-8 0Z\"/></g>"
		},
		"paypal": {
			"body": "<path fill=\"none\" stroke=\"currentColor\" stroke-linecap=\"round\" stroke-linejoin=\"round\" stroke-width=\"2\" d=\"m6 22l4-16h7a1 1 0 0 1 0 11h-4.7L11 22Zm1-4H2L6 2h7a1 1 0 0 1 0 11H8.3\"/>"
		},
		"pencil": {
			"body": "<path fill=\"none\" stroke=\"currentColor\" stroke-linecap=\"round\" stroke-linejoin=\"round\" stroke-width=\"2\" d=\"M16 4a1 1 0 0 1 3 3L7 19l-4 1l1-4zm-4 16h9\"/>"
		},
		"pexels": {
			"body": "<path fill=\"none\" stroke=\"currentColor\" stroke-linecap=\"round\" stroke-linejoin=\"round\" stroke-width=\"2\" d=\"M4 2v20h8v-6h1a1 1 0 0 0 0-14Z\"/>"
		},
		"pin": {
			"body": "<path fill=\"none\" stroke=\"currentColor\" stroke-linecap=\"round\" stroke-linejoin=\"round\" stroke-width=\"2\" d=\"M12 17v5M9 2l-1 9q-4 2-4 6h16q0-4-4-6l-1-9m2 0H7\"/>"
		},
		"pinterest": {
			"body": "<g fill=\"none\" stroke=\"currentColor\" stroke-linecap=\"round\" stroke-linejoin=\"round\" stroke-width=\"2\"><circle cx=\"12\" cy=\"12\" r=\"11\"/><path d=\"m8 22l3-11a1 1 0 0 0 5 5.5A6 6 0 1 0 6 12\"/></g>"
		},
		"play": {
			"body": "<path fill=\"none\" stroke=\"currentColor\" stroke-linecap=\"round\" stroke-linejoin=\"round\" stroke-width=\"2\" d=\"m7 3l14 9l-14 9z\"/>"
		},
		"plug": {
			"body": "<path fill=\"none\" stroke=\"currentColor\" stroke-linecap=\"round\" stroke-linejoin=\"round\" stroke-width=\"2\" d=\"M8 2v5m8-5v5M5 7v3a1 1 0 0 0 14 0V7zm7 10v5\"/>"
		},
		"plus": {
			"body": "<path fill=\"none\" stroke=\"currentColor\" stroke-linecap=\"round\" stroke-linejoin=\"round\" stroke-width=\"2\" d=\"M12 5v14m-7-7h14\"/>"
		},
		"power": {
			"body": "<path fill=\"none\" stroke=\"currentColor\" stroke-linecap=\"round\" stroke-linejoin=\"round\" stroke-width=\"2\" d=\"M12 2v10M6 4a10 10 0 1 0 12 0\"/>"
		},
		"quote-left": {
			"body": "<path fill=\"none\" stroke=\"currentColor\" stroke-linecap=\"round\" stroke-linejoin=\"round\" stroke-width=\"2\" d=\"M5 13h5v5H5v-7a4 5 0 0 1 4-5m5 7h5v5h-5v-7a4 5 0 0 1 4-5\"/>"
		},
		"quote-right": {
			"body": "<path fill=\"none\" stroke=\"currentColor\" stroke-linecap=\"round\" stroke-linejoin=\"round\" stroke-width=\"2\" d=\"M10 11H5V6h5v7a4 5 0 0 1-4 5m13-7h-5V6h5v7a4 5 0 0 1-4 5\"/>"
		},
		"radio": {
			"body": "<g fill=\"none\" stroke=\"currentColor\" stroke-linecap=\"round\" stroke-linejoin=\"round\" stroke-width=\"2\"><circle cx=\"12\" cy=\"12\" r=\"2\"/><path d=\"M5 4.9a10 10 0 0 0 0 14.2M7.8 7.7a6 6 0 0 0 0 8.6m8.4 0a6 6 0 0 0 0-8.6M19 19.1a10 10 0 0 0 0-14.2\"/></g>"
		},
		"reddit": {
			"body": "<g fill=\"none\" stroke=\"currentColor\" stroke-linecap=\"round\" stroke-linejoin=\"round\" stroke-width=\"2\"><circle cx=\"20\" cy=\"5\" r=\"2\"/><path d=\"M5 10.5a14 14 0 0 1 14 0a2.4 2.4 0 1 1 2.5 4a9.6 6.6 0 1 1-19 0a2.4 2.4 0 1 1 2.5-4m7-1.9l1.5-6.1l4.6 1.7M10 18q2 1 4 0m1-4\"/></g>"
		},
		"rhombus": {
			"body": "<path fill=\"none\" stroke=\"currentColor\" stroke-linecap=\"round\" stroke-linejoin=\"round\" stroke-width=\"2\" d=\"M10.4 2.4a2 2 0 0 1 3.2 0l7 8.2a2 2 0 0 1 0 2.8l-7 8.2a2 2 0 0 1-3.2 0l-7-8.2a2 2 0 0 1 0-2.8Z\"/>"
		},
		"robot": {
			"body": "<g fill=\"none\" stroke=\"currentColor\" stroke-linecap=\"round\" stroke-linejoin=\"round\" stroke-width=\"2\"><rect width=\"20\" height=\"14\" x=\"2\" y=\"9\" rx=\"4\"/><circle cx=\"12\" cy=\"3\" r=\"2\"/><path d=\"M12 5v4m-3 8v-2m6 0v2\"/></g>"
		},
		"rows": {
			"body": "<g fill=\"none\" stroke=\"currentColor\" stroke-linecap=\"round\" stroke-linejoin=\"round\" stroke-width=\"2\"><rect width=\"18\" height=\"18\" x=\"3\" y=\"3\" rx=\"2\"/><path d=\"M3 12h18\"/></g>"
		},
		"rows-3": {
			"body": "<g fill=\"none\" stroke=\"currentColor\" stroke-linecap=\"round\" stroke-linejoin=\"round\" stroke-width=\"2\"><rect width=\"18\" height=\"22\" x=\"3\" y=\"1\" rx=\"2\"/><path d=\"M3 8h18M3 16h18\"/></g>"
		},
		"rss": {
			"body": "<g fill=\"none\" stroke=\"currentColor\" stroke-linecap=\"round\" stroke-linejoin=\"round\" stroke-width=\"2\"><path d=\"M4 11a9 9 0 0 1 9 9M4 4a16 16 0 0 1 16 16\"/><circle cx=\"5\" cy=\"19\" r=\"1\"/></g>"
		},
		"search": {
			"body": "<g fill=\"none\" stroke=\"currentColor\" stroke-linecap=\"round\" stroke-linejoin=\"round\" stroke-width=\"2\"><circle cx=\"10\" cy=\"10\" r=\"7\"/><path d=\"m15 15l6 6\"/></g>"
		},
		"share": {
			"body": "<g fill=\"none\" stroke=\"currentColor\" stroke-linecap=\"round\" stroke-linejoin=\"round\" stroke-width=\"2\"><circle cx=\"18\" cy=\"5\" r=\"3\"/><circle cx=\"6\" cy=\"12\" r=\"3\"/><circle cx=\"18\" cy=\"19\" r=\"3\"/><path d=\"m8.5 13.5l7 4m0-11l-7 4\"/></g>"
		},
		"shield": {
			"body": "<path fill=\"none\" stroke=\"currentColor\" stroke-linecap=\"round\" stroke-linejoin=\"round\" stroke-width=\"2\" d=\"M12 2L4 5v7q0 6 8 10q8-4 8-10V5Z\"/>"
		},
		"shuffle": {
			"body": "<path fill=\"none\" stroke=\"currentColor\" stroke-linecap=\"round\" stroke-linejoin=\"round\" stroke-width=\"2\" d=\"m19 3l3 3l-3 3m0 12l3-3l-3-3M2 6h4l10 12h6M2 18h4l2-2.4m6-7.2L16 6h6\"/>"
		},
		"sidebar": {
			"body": "<g fill=\"none\" stroke=\"currentColor\" stroke-linecap=\"round\" stroke-linejoin=\"round\" stroke-width=\"2\"><rect width=\"18\" height=\"18\" x=\"3\" y=\"3\" rx=\"2\"/><path d=\"M9 3v18\"/></g>"
		},
		"skull": {
			"body": "<g fill=\"none\" stroke=\"currentColor\" stroke-linecap=\"round\" stroke-linejoin=\"round\" stroke-width=\"2\"><circle cx=\"8\" cy=\"11\" r=\"1\"/><circle cx=\"16\" cy=\"11\" r=\"1\"/><path d=\"M18 18a10 8.9 0 1 0-12 0v4h12Zm-8 1v3m4-3v3\"/></g>"
		},
		"soundcloud": {
			"body": "<path fill=\"none\" stroke=\"currentColor\" stroke-linecap=\"round\" stroke-linejoin=\"round\" stroke-width=\"2\" d=\"M11 7v11m-3 0v-7m-6 6v-3m3-4v8m9 0h6a1 1 0 0 0 0-6a6 6 0 0 0-6-6Z\"/>"
		},
		"sparkle": {
			"body": "<path fill=\"none\" stroke=\"currentColor\" stroke-linecap=\"round\" stroke-linejoin=\"round\" stroke-width=\"2\" d=\"M2 12q9 1 10 10q1-9 10-10q-9-1-10-10q-1 9-10 10\"/>"
		},
		"sparkles": {
			"body": "<path fill=\"none\" stroke=\"currentColor\" stroke-linecap=\"round\" stroke-linejoin=\"round\" stroke-width=\"2\" d=\"M7 12q7 1 8 8q1-7 8-8q-7-1-8-8q-1 7-8 8M4 2v6M1 5h6M4 16v6m-3-3h6\"/>"
		},
		"spotify": {
			"body": "<g fill=\"none\" stroke=\"currentColor\" stroke-linecap=\"round\" stroke-linejoin=\"round\" stroke-width=\"2\"><circle cx=\"12\" cy=\"12\" r=\"11\"/><path d=\"M6 8q7-2 12 1M7 12q5.5-1.5 10 1m-9 3q4.5-1.5 8 1\"/></g>"
		},
		"square": {
			"body": "<rect width=\"18\" height=\"18\" x=\"3\" y=\"3\" fill=\"none\" stroke=\"currentColor\" stroke-linecap=\"round\" stroke-linejoin=\"round\" stroke-width=\"2\" rx=\"2\"/>"
		},
		"square-exclamation": {
			"body": "<g fill=\"none\" stroke=\"currentColor\" stroke-linecap=\"round\" stroke-linejoin=\"round\" stroke-width=\"2\"><rect width=\"18\" height=\"18\" x=\"3\" y=\"3\" rx=\"2\"/><path d=\"M12 8v4m0 4\"/></g>"
		},
		"star": {
			"body": "<path fill=\"none\" stroke=\"currentColor\" stroke-linecap=\"round\" stroke-linejoin=\"round\" stroke-width=\"2\" d=\"m12 1.5l3.1 6.3l6.9 1l-5 4.8l1.2 6.9l-6.2-3.2l-6.2 3.2L7 13.6L2 8.8l6.9-1z\"/>"
		},
		"sterling": {
			"body": "<path fill=\"none\" stroke=\"currentColor\" stroke-linecap=\"round\" stroke-linejoin=\"round\" stroke-width=\"2\" d=\"M16 7a1 1 90 1 0-6 0v9a4 4 90 0 1-4 4h12M8 13h7\"/>"
		},
		"sun": {
			"body": "<g fill=\"none\" stroke=\"currentColor\" stroke-linecap=\"round\" stroke-linejoin=\"round\" stroke-width=\"2\"><circle cx=\"12\" cy=\"12\" r=\"5\"/><path d=\"M12 1v2m0 18v2M4.2 4.2l1.4 1.4m12.8 12.8l1.4 1.4M1 12h2m18 0h2M4.2 19.8l1.4-1.4M18.4 5.6l1.4-1.4\"/></g>"
		},
		"table-cells": {
			"body": "<g fill=\"none\" stroke=\"currentColor\" stroke-linecap=\"round\" stroke-linejoin=\"round\" stroke-width=\"2\"><rect width=\"18\" height=\"18\" x=\"3\" y=\"3\" rx=\"2\"/><path d=\"M3 12h18m-9 9V3\"/></g>"
		},
		"table-layout": {
			"body": "<g fill=\"none\" stroke=\"currentColor\" stroke-linecap=\"round\" stroke-linejoin=\"round\" stroke-width=\"2\"><rect width=\"18\" height=\"18\" x=\"3\" y=\"3\" rx=\"2\"/><path d=\"M9 3v18M3 9h18\"/></g>"
		},
		"table-list": {
			"body": "<g fill=\"none\" stroke=\"currentColor\" stroke-linecap=\"round\" stroke-linejoin=\"round\" stroke-width=\"2\"><rect width=\"18\" height=\"18\" x=\"3\" y=\"3\" rx=\"2\"/><path d=\"M9 3v18M3 9h18M3 15h18\"/></g>"
		},
		"tag": {
			"body": "<path fill=\"none\" stroke=\"currentColor\" stroke-linecap=\"round\" stroke-linejoin=\"round\" stroke-width=\"2\" d=\"M12 2H2v10l8.5 8.5q1.5 1.4 3 0l7-7q1.4-1.5 0-3ZM7 7\"/>"
		},
		"telegram": {
			"body": "<path fill=\"none\" stroke=\"currentColor\" stroke-linecap=\"round\" stroke-linejoin=\"round\" stroke-width=\"2\" d=\"M12.5 16L9 19.5L7 13l-5.5-2l21-8l-4 18l-7.5-7l4-3\"/>"
		},
		"terminal": {
			"body": "<g fill=\"none\" stroke=\"currentColor\" stroke-linecap=\"round\" stroke-linejoin=\"round\" stroke-width=\"2\"><rect width=\"18\" height=\"18\" x=\"3\" y=\"3\" rx=\"2\"/><path d=\"m8 9l3 3l-3 3m5 1h3\"/></g>"
		},
		"text": {
			"body": "<path fill=\"none\" stroke=\"currentColor\" stroke-linecap=\"round\" stroke-linejoin=\"round\" stroke-width=\"2\" d=\"M4 7V4h16v3m-8-3v16m-3 0h6\"/>"
		},
		"threads": {
			"body": "<path fill=\"none\" stroke=\"currentColor\" stroke-linecap=\"round\" stroke-linejoin=\"round\" stroke-width=\"2\" d=\"M20 8C18 0 6 0 4 8s1.5 14 8 14s10-7.6 4-10s-9 2-7 4s7 1 7-4s-5-6-7-4\"/>"
		},
		"thumbs-down": {
			"body": "<path fill=\"none\" stroke=\"currentColor\" stroke-linecap=\"round\" stroke-linejoin=\"round\" stroke-width=\"2\" d=\"M10 15v4a3 3 0 0 0 3 3l4-9V3l-4-1H7a3 3 0 0 0-3 2l-2 8a2 2.3 0 0 0 2 3zm7-12h4a1 1 0 0 1 1 1v8a1 1 0 0 1-1 1h-4\"/>"
		},
		"thumbs-up": {
			"body": "<path fill=\"none\" stroke=\"currentColor\" stroke-linecap=\"round\" stroke-linejoin=\"round\" stroke-width=\"2\" d=\"M7 21H3a1 1 0 0 1-1-1v-8a1 1 0 0 1 1-1h4l4-9a3 3 0 0 1 3 3v4h6a2 2.3 0 0 1 2 3l-2 8a3 3 0 0 1-3 2h-6zV11\"/>"
		},
		"tiktok": {
			"body": "<path fill=\"none\" stroke=\"currentColor\" stroke-linecap=\"round\" stroke-linejoin=\"round\" stroke-width=\"2\" d=\"M22 6v5q-4 0-6-2v7a7 7 0 1 1-5-6.7m0 6.7a2 2 0 1 0-2 2a2 2 0 0 0 2-2V1h5q2 5 6 5\"/>"
		},
		"trash": {
			"body": "<path fill=\"none\" stroke=\"currentColor\" stroke-linecap=\"round\" stroke-linejoin=\"round\" stroke-width=\"2\" d=\"M3 6h18m-2 0v14a2 2 0 0 1-2 2H7a2 2 0 0 1-2-2V6m2 0l2-4h6l2 4\"/>"
		},
		"trash-can": {
			"body": "<path fill=\"none\" stroke=\"currentColor\" stroke-linecap=\"round\" stroke-linejoin=\"round\" stroke-width=\"2\" d=\"M3 6h18m-2 0v14a2 2 0 0 1-2 2H7a2 2 0 0 1-2-2V6m2 0l2-4h6l2 4m-7 5v6m4-6v6\"/>"
		},
		"tree": {
			"body": "<path fill=\"none\" stroke=\"currentColor\" stroke-linecap=\"round\" stroke-linejoin=\"round\" stroke-width=\"2\" d=\"M22 20H2l5-6H4l5-6H7l5-6l5 6h-2l5 6h-3Zm-10-6v9\"/>"
		},
		"tree-deciduous": {
			"body": "<path fill=\"none\" stroke=\"currentColor\" stroke-linecap=\"round\" stroke-linejoin=\"round\" stroke-width=\"2\" d=\"M12 14v9m6-3a4 4 0 0 0 1.34-7.77a4 4 0 0 0-3.88-6.19a3.5 3.5 0 1 0-6.92 0a4 4 0 0 0-3.84 6.18A4 4 0 0 0 6 20Z\"/>"
		},
		"trello": {
			"body": "<g fill=\"none\" stroke=\"currentColor\" stroke-linecap=\"round\" stroke-linejoin=\"round\" stroke-width=\"2\"><rect width=\"22\" height=\"22\" x=\"1\" y=\"1\" rx=\"3\"/><path d=\"M6 6h4v10H6zm8 0h4v6h-4z\"/></g>"
		},
		"triangle": {
			"body": "<path fill=\"none\" stroke=\"currentColor\" stroke-linecap=\"round\" stroke-linejoin=\"round\" stroke-width=\"2\" d=\"M2 18a2 2 0 0 0 1.7 3h16.6a2 2 0 0 0 1.7-3L13.8 4a2 2 0 0 0-3.6 0Z\"/>"
		},
		"triangle-exclamation": {
			"body": "<path fill=\"none\" stroke=\"currentColor\" stroke-linecap=\"round\" stroke-linejoin=\"round\" stroke-width=\"2\" d=\"M2 18a2 2 0 0 0 1.7 3h16.6a2 2 0 0 0 1.7-3L13.8 4a2 2 0 0 0-3.6 0Zm10-9v4m0 4\"/>"
		},
		"tumblr": {
			"body": "<path fill=\"none\" stroke=\"currentColor\" stroke-linecap=\"round\" stroke-linejoin=\"round\" stroke-width=\"2\" d=\"M18 17.5V22h-4a5 5 0 0 1-5-5v-7H7V6.5q3.3-.9 3.5-4.5H14v4h4v4h-4v6.5q0 1 1 1Z\"/>"
		},
		"turn-down-left": {
			"body": "<path fill=\"none\" stroke=\"currentColor\" stroke-linecap=\"round\" stroke-linejoin=\"round\" stroke-width=\"2\" d=\"m9 10l-5 5l5 5M20 4v7a4 4 0 0 1-4 4H4\"/>"
		},
		"turn-down-right": {
			"body": "<path fill=\"none\" stroke=\"currentColor\" stroke-linecap=\"round\" stroke-linejoin=\"round\" stroke-width=\"2\" d=\"m15 10l5 5l-5 5M4 4v7a4 4 0 0 0 4 4h12\"/>"
		},
		"turn-left-down": {
			"body": "<path fill=\"none\" stroke=\"currentColor\" stroke-linecap=\"round\" stroke-linejoin=\"round\" stroke-width=\"2\" d=\"m14 15l-5 5l-5-5M20 4h-7a4 4 0 0 0-4 4v12\"/>"
		},
		"turn-left-up": {
			"body": "<path fill=\"none\" stroke=\"currentColor\" stroke-linecap=\"round\" stroke-linejoin=\"round\" stroke-width=\"2\" d=\"M14 9L9 4L4 9m16 11h-7a4 4 0 0 1-4-4V4\"/>"
		},
		"turn-right-down": {
			"body": "<path fill=\"none\" stroke=\"currentColor\" stroke-linecap=\"round\" stroke-linejoin=\"round\" stroke-width=\"2\" d=\"m10 15l5 5l5-5M4 4h7a4 4 0 0 1 4 4v12\"/>"
		},
		"turn-right-up": {
			"body": "<path fill=\"none\" stroke=\"currentColor\" stroke-linecap=\"round\" stroke-linejoin=\"round\" stroke-width=\"2\" d=\"m10 9l5-5l5 5M4 20h7a4 4 0 0 0 4-4V4\"/>"
		},
		"turn-up-left": {
			"body": "<path fill=\"none\" stroke=\"currentColor\" stroke-linecap=\"round\" stroke-linejoin=\"round\" stroke-width=\"2\" d=\"M9 14L4 9l5-5m11 16v-7a4 4 0 0 0-4-4H4\"/>"
		},
		"turn-up-right": {
			"body": "<path fill=\"none\" stroke=\"currentColor\" stroke-linecap=\"round\" stroke-linejoin=\"round\" stroke-width=\"2\" d=\"m15 14l5-5l-5-5M4 20v-7a4 4 0 0 1 4-4h12\"/>"
		},
		"tv": {
			"body": "<g fill=\"none\" stroke=\"currentColor\" stroke-linecap=\"round\" stroke-linejoin=\"round\" stroke-width=\"2\"><rect width=\"22\" height=\"15\" x=\"1\" y=\"3\" rx=\"3\"/><path d=\"M7 21h10\"/></g>"
		},
		"tv-retro": {
			"body": "<g fill=\"none\" stroke=\"currentColor\" stroke-linecap=\"round\" stroke-linejoin=\"round\" stroke-width=\"2\"><rect width=\"20\" height=\"15\" x=\"2\" y=\"7\" rx=\"3\"/><path d=\"m7 2l5 5l5-5\"/></g>"
		},
		"twitch": {
			"body": "<path fill=\"none\" stroke=\"currentColor\" stroke-linecap=\"round\" stroke-linejoin=\"round\" stroke-width=\"2\" d=\"M8 22v-4H3V6l4-4h14v12l-4 4h-5Zm3-15v4m5-4v4\"/>"
		},
		"twitter": {
			"body": "<path fill=\"none\" stroke=\"currentColor\" stroke-linecap=\"round\" stroke-linejoin=\"round\" stroke-width=\"2\" d=\"M12 7.5a4.5 4.5 0 0 1 8-3Q22 4 23 3q0 2-2 4A13 13 0 0 1 1 19q5 0 7-2q-8-4-5-13q4 5 9 5Z\"/>"
		},
		"unlink": {
			"body": "<path fill=\"none\" stroke=\"currentColor\" stroke-linecap=\"round\" stroke-linejoin=\"round\" stroke-width=\"2\" d=\"m18 13l3-3a1 1 0 0 0-7-7l-3 3m-5 5l-3 3a1 1 0 0 0 7 7l3-3M5 5l14 14\"/>"
		},
		"upload": {
			"body": "<path fill=\"none\" stroke=\"currentColor\" stroke-linecap=\"round\" stroke-linejoin=\"round\" stroke-width=\"2\" d=\"m7 8l5-5l5 5m-5 7V3m10 12v4a2 2 0 0 1-2 2H4a2 2 0 0 1-2-2v-4\"/>"
		},
		"upload-cloud": {
			"body": "<path fill=\"none\" stroke=\"currentColor\" stroke-linecap=\"round\" stroke-linejoin=\"round\" stroke-width=\"2\" d=\"M18 17a5 5 0 1 0 0-10A1 1 0 1 0 5 9a1 1 0 0 0 0 8h1m3-3l3-3l3 3m-3 9V11\"/>"
		},
		"usdt": {
			"body": "<path fill=\"none\" stroke=\"currentColor\" stroke-linecap=\"round\" stroke-linejoin=\"round\" stroke-width=\"2\" d=\"M5 4h14m-7 0v6m0 10v-6M8 9a8 2.7 0 1 0 8 0\"/>"
		},
		"user": {
			"body": "<g fill=\"none\" stroke=\"currentColor\" stroke-linecap=\"round\" stroke-linejoin=\"round\" stroke-width=\"2\"><circle cx=\"12\" cy=\"6\" r=\"4\"/><path d=\"M21 22a1 1 0 0 0-18 0Z\"/></g>"
		},
		"vimeo": {
			"body": "<path fill=\"none\" stroke=\"currentColor\" stroke-linecap=\"round\" stroke-linejoin=\"round\" stroke-width=\"2\" d=\"M1 7.5q9-10 10 1t5 2q1.8-4.1-2.5-3q1.5-5 6.5-5t2 7t-8 10.6t-6.8-3.6t-2.6-8t-2.6.6Z\"/>"
		},
		"vinyl-disc": {
			"body": "<g fill=\"none\" stroke=\"currentColor\" stroke-linecap=\"round\" stroke-linejoin=\"round\" stroke-width=\"2\"><circle cx=\"12\" cy=\"12\" r=\"10\"/><circle cx=\"12\" cy=\"12\" r=\"4\"/></g>"
		},
		"visual-studio-code": {
			"body": "<path fill=\"none\" stroke=\"currentColor\" stroke-linecap=\"round\" stroke-linejoin=\"round\" stroke-width=\"2\" d=\"m12 12l5 3.5v-7Zm-8 6l-3-3l3.4-3L1 9l3-3l4 2.9L17 1l6 3v16l-6 3l-9-7.9Z\"/>"
		},
		"vk": {
			"body": "<g fill=\"none\" stroke=\"currentColor\" stroke-linecap=\"round\" stroke-linejoin=\"round\" stroke-width=\"2\"><rect width=\"22\" height=\"22\" x=\"1\" y=\"1\" rx=\"5\"/><path d=\"M7 8.5a7 8 0 0 0 5 7v-7m5 0Q16 11 13 12q3 1 4 3.5M12 12h1\"/></g>"
		},
		"volume-high": {
			"body": "<path fill=\"none\" stroke=\"currentColor\" stroke-linecap=\"round\" stroke-linejoin=\"round\" stroke-width=\"2\" d=\"M6 9H2v6h4l5 4V5Zm9 7a5 5 0 0 0 0-8m3 12a10 10 0 0 0 0-16\"/>"
		},
		"volume-low": {
			"body": "<path fill=\"none\" stroke=\"currentColor\" stroke-linecap=\"round\" stroke-linejoin=\"round\" stroke-width=\"2\" d=\"M6 9H2v6h4l5 4V5Zm9 7a5 5 0 0 0 0-8\"/>"
		},
		"volume-off": {
			"body": "<path fill=\"none\" stroke=\"currentColor\" stroke-linecap=\"round\" stroke-linejoin=\"round\" stroke-width=\"2\" d=\"M6 9H2v6h4l5 4V5Z\"/>"
		},
		"volume-xmark": {
			"body": "<path fill=\"none\" stroke=\"currentColor\" stroke-linecap=\"round\" stroke-linejoin=\"round\" stroke-width=\"2\" d=\"m16 9l6 6M6 9H2v6h4l5 4V5Zm10 6l6-6\"/>"
		},
		"wave": {
			"body": "<path fill=\"none\" stroke=\"currentColor\" stroke-linecap=\"round\" stroke-linejoin=\"round\" stroke-width=\"2\" d=\"M2 12c2 9 8 9 10 0s8-9 10 0\"/>"
		},
		"wave-lines": {
			"body": "<path fill=\"none\" stroke=\"currentColor\" stroke-linecap=\"round\" stroke-linejoin=\"round\" stroke-width=\"2\" d=\"M6 10v4m3-7v10m3-14v18m3-11v4m3-7v10m3-5\"/>"
		},
		"wave-pulse": {
			"body": "<path fill=\"none\" stroke=\"currentColor\" stroke-linecap=\"round\" stroke-linejoin=\"round\" stroke-width=\"2\" d=\"M2 12h4l3 9l6-18l3 9h4\"/>"
		},
		"wave-square": {
			"body": "<path fill=\"none\" stroke=\"currentColor\" stroke-linecap=\"round\" stroke-linejoin=\"round\" stroke-width=\"2\" d=\"M2 12h4v8h6V4h6v8h4\"/>"
		},
		"wave-triangle": {
			"body": "<path fill=\"none\" stroke=\"currentColor\" stroke-linecap=\"round\" stroke-linejoin=\"round\" stroke-width=\"2\" d=\"m2 12l5 7L17 5l5 7\"/>"
		},
		"whatsapp": {
			"body": "<g fill=\"none\" stroke=\"currentColor\" stroke-linecap=\"round\" stroke-linejoin=\"round\" stroke-width=\"2\"><circle cx=\"9\" cy=\"9\" r=\"1\"/><circle cx=\"15\" cy=\"15\" r=\"1\"/><path d=\"M8 9a7 7 0 0 0 7 7m-9 5.2A11 11 0 1 0 2.8 18L2 22Z\"/></g>"
		},
		"wikipedia": {
			"body": "<path fill=\"none\" stroke=\"currentColor\" stroke-linecap=\"round\" stroke-linejoin=\"round\" stroke-width=\"2\" d=\"M1 5h3m3.5 0h3m3 0h3M20 5h3M2.5 5l6 15l6-15m-5 0l6 15l6-15\"/>"
		},
		"wind": {
			"body": "<path fill=\"none\" stroke=\"currentColor\" stroke-linecap=\"round\" stroke-linejoin=\"round\" stroke-width=\"2\" d=\"M12 4a3 3 0 1 1 3 4H2m3 12a3 3 0 1 0 3-4H2m15 0a3 3 0 1 0 3-4H2\"/>"
		},
		"windows": {
			"body": "<path fill=\"none\" stroke=\"currentColor\" stroke-linecap=\"round\" stroke-linejoin=\"round\" stroke-width=\"2\" d=\"M2 12h20m-11.3 8.3V3.7M2 5l20-3v20L2 19Z\"/>"
		},
		"wordpress": {
			"body": "<path fill=\"none\" stroke=\"currentColor\" stroke-linecap=\"round\" stroke-linejoin=\"round\" stroke-width=\"2\" d=\"M1 8h5M2.8 8L8 21l4-10M9 8h5m-3.2 0L16 21l3.2-7.5C25 0 14 2 17 7s2.2 6.5 2.2 6.5M8 21l4-10\"/>"
		},
		"x": {
			"body": "<path fill=\"none\" stroke=\"currentColor\" stroke-linecap=\"round\" stroke-linejoin=\"round\" stroke-width=\"2\" d=\"m3 21l7.5-7.5m3-3L21 3M8 3H3l13 18h5Z\"/>"
		},
		"x-alt": {
			"body": "<path fill=\"none\" stroke=\"currentColor\" stroke-linecap=\"round\" stroke-linejoin=\"round\" stroke-width=\"2\" d=\"M4.5 2a7 7 0 0 0 0 10L7 14.5L1.5 20a7 7 0 0 0 10 0L22 9.5L19.5 7a3.5 3.5 0 0 0-5 0L12 9.5ZM12 19.5l.5.5a7 7 0 0 0 10 0L17 14.5\"/>"
		},
		"xmark": {
			"body": "<path fill=\"none\" stroke=\"currentColor\" stroke-linecap=\"round\" stroke-linejoin=\"round\" stroke-width=\"2\" d=\"M18 6L6 18M6 6l12 12\"/>"
		},
		"youtube": {
			"body": "<path fill=\"none\" stroke=\"currentColor\" stroke-linecap=\"round\" stroke-linejoin=\"round\" stroke-width=\"2\" d=\"M1.5 17q-1-5.5 0-10Q1.9 4.8 4 4.5q8-1 16 0q2.1.3 2.5 2.5q1 4.5 0 10q-.4 2.2-2.5 2.5q-8 1-16 0q-2.1-.3-2.5-2.5m8-8.5v7l6-3.5Z\"/>"
		}
	},
	"width": 24,
	"height": 24
}